"","year","name","firstname","lastname","position","heightfeet","heightinches","heightinchestotal","weight","arms","hands","fortyyd","twentyyd","tenyd","twentyss","threecone","vertical","broad","bench","round","college","pick","pickround","picktotal","wonderlic","nflgrade"
"2",2015,"Nelson Agholor","Nelson","Agholor","WR","6","0.0000",72,198,0,0,4.42,0,0,0,0,0,0,12,0,"USC","","0",0,0,5.6
"5",2015,"Mario Alford","Mario","Alford","WR","5","8.0000",68,180,0,0,4.43,0,0,4.07,6.64,34,121,13,0,"West Virginia","","0",0,0,5.3
"8",2015,"Dres Anderson","Dres","Anderson","WR","6","1.0000",73,187,0,0,0,0,0,0,0,0,0,13,0,"Utah","","0",0,0,5.5
"19",2015,"Kenny Bell","Kenny","Bell","WR","6","1.0000",73,197,0,0,4.42,0,0,4.15,6.66,41.5,129,7,0,"Nebraska","","0",0,0,5.4
"31",2015,"Da'Ron Brown","Da'Ron","Brown","WR","6","0.0000",72,205,0,0,4.54,0,0,4.11,7.04,37,120,17,0,"Northern Illinois","","0",0,0,4.9
"49",2015,"Kaelin Clay","Kaelin","Clay","WR","5","10.0000",70,195,0,0,4.51,0,0,4.26,6.97,33,113,10,0,"Utah","","0",0,0,5.1
"52",2015,"Sammie Coates","Sammie","Coates","WR","6","1.0000",73,212,0,0,4.43,0,0,4.06,6.98,41,131,23,0,"Auburn","","0",0,0,5.6
"60",2015,"Chris Conley","Chris","Conley","WR","6","2.0000",74,213,0,0,4.35,0,0,4.3,7.06,45,139,18,0,"Georgia","","0",0,0,5.5
"61",2015,"Amari Cooper","Amari","Cooper","WR","6","1.0000",73,211,0,0,4.42,0,0,3.98,6.71,33,120,0,0,"Alabama","","0",0,0,7
"68",2015,"Jamison Crowder","Jamison","Crowder","WR","5","8.0000",68,185,0,0,4.56,0,0,4.32,7.17,37,115,10,0,"Duke","","0",0,0,5.4
"70",2015,"Davaris Daniels","Davaris","Daniels","WR","6","1.0000",73,201,0,0,4.62,0,0,0,0,37,122,13,0,"Notre Dame","","0",0,0,5.2
"74",2015,"Devante Davis","Devante","Davis","WR","6","3.0000",75,220,0,0,4.57,0,0,4.12,7.25,35.5,115,16,0,"UNLV","","0",0,0,5.2
"75",2015,"Geremy Davis","Geremy","Davis","WR","6","2.0000",74,216,0,0,0,0,0,4.18,6.86,36.5,124,23,0,"Connecticut","","0",0,0,4.8
"77",2015,"Titus Davis","Titus","Davis","WR","6","1.0000",73,196,0,0,4.51,0,0,4.28,7.14,32.5,119,0,0,"Central Michigan","","0",0,0,5.4
"85",2015,"Stefon Diggs","Stefon","Diggs","WR","6","0.0000",72,195,0,0,4.46,0,0,4.32,7.03,35,115,0,0,"Maryland","","0",0,0,5.6
"88",2015,"Phillip Dorsett","Phillip","Dorsett","WR","5","10.0000",70,185,0,0,4.33,0,0,4.11,6.7,37,122,13,0,"Miami","","0",0,0,5.7
"114",2015,"Devin Funchess","Devin","Funchess","WR","6","4.0000",76,232,0,0,4.7,0,0,0,0,38.5,122,17,0,"Michigan","","0",0,0,5.6
"125",2015,"Antwan Goodley","Antwan","Goodley","WR","5","10.0000",70,209,0,0,4.44,0,0,0,0,0,0,0,0,"Baylor","","0",0,0,5.5
"131",2015,"Dorial Green-Beckham","Dorial","Green-Beckham","WR","6","5.0000",77,237,0,0,4.49,0,0,4.45,6.89,33.5,119,13,0,"Missouri","","0",0,0,5.7
"132",2015,"Rashad Greene","Rashad","Greene","WR","5","11.0000",71,182,0,0,4.53,0,0,4.12,6.88,36.5,122,0,0,"Florida St.","","0",0,0,5.7
"140",2015,"Rannell Hall","Rannell","Hall","WR","6","0.0000",72,198,0,0,4.6,0,0,4.15,6.86,41,132,16,0,"Central Florida","","0",0,0,5.2
"144",2015,"Justin Hardy","Justin","Hardy","WR","5","10.0000",70,192,0,0,4.56,0,0,4.21,6.63,36.5,114,11,0,"East Carolina","","0",0,0,5.4
"146",2015,"Josh Harper","Josh","Harper","WR","6","1.0000",73,191,0,0,4.64,0,0,4.36,7.15,32,108,13,0,"Fresno St.","","0",0,0,5.4
"179",2015,"Christion Jones","Christion","Jones","WR","5","10.0000",70,182,0,0,4.63,0,0,4.19,6.91,32.5,119,8,0,"Alabama","","0",0,0,0
"189",2015,"Dezmin Lewis","Dezmin","Lewis","WR","6","4.0000",76,214,0,0,4.58,0,0,4.28,7.11,33.5,119,16,0,"Central Arkansas","","0",0,0,5.3
"190",2015,"Tony Lippett","Tony","Lippett","WR","6","2.0000",74,192,0,0,4.61,0,0,4.13,6.92,36,114,10,0,"Michigan St.","","0",0,0,5.4
"191",2015,"Tyler Lockett","Tyler","Lockett","WR","5","10.0000",70,182,0,0,4.4,0,0,4.07,6.89,35.5,121,0,0,"Kansas St.","","0",0,0,5.5
"192",2015,"Deon Long","Deon","Long","WR","6","0.0000",72,192,0,0,4.51,0,0,4.27,6.98,34,120,12,0,"Maryland","","0",0,0,5.1
"196",2015,"Donatella Luckett","Donatella","Luckett","WR","6","0.0000",72,211,0,0,4.65,0,0,4.5,7.51,34,118,17,0,"Harding","","0",0,0,5.2
"208",2015,"Vince Mayle","Vince","Mayle","WR","6","2.0000",74,224,0,0,4.67,0,0,4.13,6.93,35.5,117,0,0,"Washington St.","","0",0,0,5.6
"210",2015,"Tre McBride","Tre","McBride","WR","6","0.0000",72,210,0,0,4.41,0,0,4.08,6.96,38,122,16,0,"William & Mary","","0",0,0,5.3
"217",2015,"Ty Montgomery","Ty","Montgomery","WR","6","0.0000",72,221,0,0,4.55,0,0,4.21,6.97,40.5,121,0,0,"Stanford","","0",0,0,5.6
"219",2015,"Keith Mumphery","Keith","Mumphery","WR","6","0.0000",72,215,0,0,4.54,0,0,4.25,7.07,32.5,121,0,0,"Michigan St.","","0",0,0,4.8
"222",2015,"J.J. Nelson","J.J.","Nelson","WR","5","10.0000",70,156,0,0,4.28,0,0,4.15,7.02,36,127,0,0,"UAB","","0",0,0,4.9
"232",2015,"DeVante Parker","DeVante","Parker","WR","6","3.0000",75,209,0,0,4.45,0,0,0,0,36.5,125,17,0,"Louisville","","0",0,0,6.2
"235",2015,"Breshad Perriman","Breshad","Perriman","WR","6","2.0000",74,212,0,0,0,0,0,0,0,0,0,0,0,"Central Florida","","0",0,0,5.8
"261",2015,"Ezell Ruffin","Ezell","Ruffin","WR","6","0.0000",72,218,0,0,4.68,0,0,4.58,7.35,27.5,110,17,0,"San Diego St.","","0",0,0,4.8
"277",2015,"DeAndre Smelter","DeAndre","Smelter","WR","6","2.0000",74,226,0,0,0,0,0,0,0,0,0,0,0,"Georgia Tech","","0",0,0,5.5
"280",2015,"Devin Smith","Devin","Smith","WR","6","0.0000",72,196,0,0,4.42,0,0,4.15,0,39,122,10,0,"Ohio St.","","0",0,0,5.7
"286",2015,"Jaelen Strong","Jaelen","Strong","WR","6","2.0000",74,217,0,0,4.44,0,0,0,0,42,123,0,0,"Arizona State","","0",0,0,5.8
"303",2015,"Darren Waller","Darren","Waller","WR","6","6.0000",78,238,0,0,4.46,0,0,4.25,7.07,37,125,12,0,"Georgia Tech","","0",0,0,5.4
"307",2015,"DeAndrew White","DeAndrew","White","WR","5","11.0000",71,193,0,0,4.44,0,0,4.18,6.97,34.5,118,0,0,"Alabama","","0",0,0,5.1
"308",2015,"Kevin White","Kevin","White","WR","6","3.0000",75,215,0,0,4.35,0,0,4.14,6.92,36.5,123,23,0,"West Virginia","","0",0,0,6.2
"321",2015,"Cam Worthy","Cam","Worthy","WR","6","2.0000",74,211,0,0,0,0,0,0,0,0,0,12,0,"East Carolina","","0",0,0,5
"325",2014,"Jared Abbrederis","Jared","Abbrederis","WR","6","1.0000",73,195,0,0,4.5,0,0,4.08,6.8,30.5,117,4,6,"Wisconsin","0","16",176,0,5.2
"326",2014,"Davante Adams","Davante","Adams","WR","6","1.0000",73,212,0,0,4.56,0,0,4.3,6.82,39.5,123,14,2,"Fresno St.","0","21",53,0,6
"338",2014,"Odell Beckham","Odell","Beckham","WR","5","11.0000",71,198,0,0,4.43,0,0,3.94,6.69,38.5,122,7,1,"LSU","0","12",12,0,5.9
"340",2014,"Kelvin Benjamin","Kelvin","Benjamin","WR","6","5.0000",77,240,0,0,4.61,0,0,4.39,7.33,32.5,119,13,1,"Florida St.","0","28",28,0,6.4
"353",2014,"Chris Boyd","Chris","Boyd","WR","6","4.0000",76,206,0,0,4.73,0,0,0,0,0,0,12,0,"Vanderbilt","0","0",0,0,5.2
"361",2014,"Corey Brown","Corey","Brown","WR","5","11.0000",71,178,0,0,4.51,0,0,4.22,7.16,33,116,0,0,"Ohio St.","0","0",0,0,4.9
"362",2014,"John Brown","John","Brown","WR","5","10.0000",70,179,0,0,4.34,0,0,4.12,6.91,36.5,119,0,3,"Pittsburg St. (KS)","0","27",91,0,5
"365",2014,"Martavis Bryant","Martavis","Bryant","WR","6","4.0000",76,211,0,0,4.42,0,0,4.15,7.18,39,124,16,4,"Clemson","0","22",118,0,5.3
"368",2014,"Isaiah Burse","Isaiah","Burse","WR","5","10.0000",70,188,0,0,4.58,0,0,3.94,6.74,31,115,16,0,"Fresno St.","0","0",0,0,5.2
"370",2014,"Mike Campanaro","Mike","Campanaro","WR","5","9.0000",69,192,0,0,4.46,0,0,4.01,6.77,39,122,20,7,"Wake Forest","0","26",218,0,5.1
"380",2014,"Brandon Coleman","Brandon","Coleman","WR","6","6.0000",78,225,0,0,4.56,0,0,4.51,7.33,32.5,0,21,0,"Rutgers","0","0",0,0,5.4
"382",2014,"Kain Colter","Kain","Colter","WR","5","10.0000",70,198,0,0,0,0,0,0,0,0,0,0,0,"Northwestern","0","0",0,0,5.3
"384",2014,"Brandin Cooks","Brandin","Cooks","WR","5","10.0000",70,189,0,0,4.33,0,0,3.81,6.76,36,120,16,1,"Oregon St.","0","20",20,0,5.8
"385",2014,"Damian Copeland","Damian","Copeland","WR","5","11.0000",71,184,0,0,4.5,0,0,3.9,6.53,40,120,12,0,"Louisville","0","0",0,0,4.8
"391",2014,"Mike Davis","Mike","Davis","WR","6","0.0000",72,197,0,0,0,0,0,0,0,0,0,10,0,"Texas","0","0",0,0,5.2
"406",2014,"Bruce Ellington","Bruce","Ellington","WR","5","9.0000",69,197,0,0,4.45,0,0,3.95,6.69,39.5,120,15,4,"South Carolina","0","10",106,0,5.4
"409",2014,"Quincy Enunwa","Quincy","Enunwa","WR","6","2.0000",74,225,0,0,4.45,0,0,0,0,0,0,19,7,"Nebraska","0","17",209,0,4.8
"410",2014,"Mike Evans","Mike","Evans","WR","6","5.0000",77,231,0,0,4.53,0,0,4.26,7.08,37,0,12,1,"Texas A&M","0","7",7,0,6.2
"411",2014,"Shaq Evans","Shaq","Evans","WR","6","1.0000",73,213,0,0,4.51,0,0,4.21,7.07,34.5,122,13,4,"UCLA","0","19",115,0,5.3
"423",2014,"Bennie Fowler","Bennie","Fowler","WR","6","1.0000",73,217,0,0,4.52,0,0,4.18,7.06,36,126,0,0,"Michigan St.","0","0",0,0,5
"424",2014,"Austin Franklin","Austin","Franklin","WR","5","11.0000",71,189,0,0,4.56,0,0,4.33,7.07,36,124,7,0,"New Mexico St.","0","0",0,0,5.1
"431",2014,"Jeremy Gallon","Jeremy","Gallon","WR","5","7.0000",67,185,0,0,4.49,0,0,0,0,0,0,15,8,"Michigan","0","20",244,0,5
"438",2014,"Ryan Grant","Ryan","Grant","WR","6","0.0000",72,199,0,0,4.64,0,0,4.11,6.68,35.5,119,8,5,"Tulane","0","14",142,0,5.1
"448",2014,"Matt Hazel","Matt","Hazel","WR","6","1.0000",73,198,0,0,4.5,0,0,4.2,7.08,36.5,118,15,6,"Coastal Carolina","0","30",190,0,5.2
"451",2014,"Robert Herron","Robert","Herron","WR","5","9.0000",69,193,0,0,4.48,0,0,4.27,6.84,35.5,125,18,6,"Wyoming","0","25",185,0,5.2
"456",2014,"Cody Hoffman","Cody","Hoffman","WR","6","4.0000",76,223,0,0,4.65,0,0,4.2,6.89,27.5,108,13,0,"BYU","0","0",0,0,5.1
"459",2014,"Josh Huff","Josh","Huff","WR","5","11.0000",71,206,0,0,4.51,0,0,0,0,35.5,116,14,3,"Oregon","0","22",86,0,5.3
"461",2014,"Allen Hurns","Allen","Hurns","WR","6","1.0000",73,198,0,0,4.55,0,0,4.5,7.23,31,120,14,0,"Miami","0","0",0,0,5.1
"472",2014,"Jeff Janis","Jeff","Janis","WR","6","3.0000",75,219,0,0,4.42,0,0,3.98,6.64,37.5,123,20,8,"Saginaw Valley St.","0","12",236,0,5.3
"484",2014,"T.J.  Jones","T.J. ","Jones","WR","6","0.0000",72,188,0,0,4.48,0,0,4.27,6.82,33,119,0,6,"Notre Dame","0","29",189,0,5.4
"493",2014,"Jarvis Landry","Jarvis","Landry","WR","5","11.0000",71,205,0,0,4.77,0,0,0,0,28.5,110,12,2,"LSU","0","31",63,0,5.6
"495",2014,"Cody Latimer","Cody","Latimer","WR","6","2.0000",74,215,0,0,0,0,0,0,0,0,0,23,2,"Indiana","0","24",56,0,5.2
"498",2014,"Marqise Lee","Marqise","Lee","WR","6","0.0000",72,192,0,0,4.52,0,0,4.01,0,38,127,0,2,"USC","0","7",39,0,6.2
"510",2014,"Marcus Lucas","Marcus","Lucas","WR","6","4.0000",76,218,0,0,4.6,0,0,4.25,7.07,36,124,20,0,"Missouri","0","0",0,0,5.1
"526",2014,"Jordan Matthews","Jordan","Matthews","WR","6","3.0000",75,212,0,0,4.46,0,0,4.18,6.95,35.5,120,21,2,"Vanderbilt","0","10",42,0,5.6
"538",2014,"Donte Moncrief","Donte","Moncrief","WR","6","2.0000",74,221,0,0,4.4,0,0,4.3,7.02,39.5,132,13,3,"Mississippi","0","26",90,0,5.8
"552",2014,"Kevin Norwood","Kevin","Norwood","WR","6","2.0000",74,198,0,0,4.48,0,0,4.32,6.68,33,121,8,4,"Alabama","0","27",123,0,5.2
"563",2014,"Walt Powell","Walt","Powell","WR","5","11.0000",71,189,0,0,4.63,0,0,4.23,6.7,31.5,120,10,7,"Murray St.","0","4",196,0,4.7
"571",2014,"Tevin Reese","Tevin","Reese","WR","5","10.0000",70,163,0,0,4.46,0,0,4.18,6.63,41,132,0,8,"Baylor","0","16",240,0,5.2
"579",2014,"Paul Richardson","Paul","Richardson","WR","6","0.0000",72,175,0,0,4.4,0,0,0,7.09,38,124,0,2,"Colorado","0","13",45,0,5.3
"582",2014,"Allen Robinson","Allen","Robinson","WR","6","2.0000",74,220,0,0,4.6,0,0,4,7,39,127,0,2,"Penn St.","0","29",61,0,5.7
"589",2014,"Jalen Saunders","Jalen","Saunders","WR","5","9.0000",69,165,0,0,4.44,0,0,0,0,34,122,0,4,"Oklahoma","0","8",104,0,5.2
"604",2014,"Willie Snead","Willie","Snead","WR","5","11.0000",71,195,0,0,4.62,0,0,4.39,7.19,33.5,113,11,0,"Ball St.","0","0",0,0,5.2
"610",2014,"Josh Stewart","Josh","Stewart","WR","5","10.0000",70,178,0,0,4.69,0,0,4.33,7.1,35,117,11,0,"Oklahoma St.","0","0",0,0,5.1
"614",2014,"Devin Street","Devin","Street","WR","6","3.0000",75,198,0,0,4.55,0,0,4.01,6.89,37,124,0,5,"Pittsburgh","0","18",146,0,5.2
"640",2014,"L'Damian Washington","L'Damian","Washington","WR","6","4.0000",76,195,0,0,4.46,0,0,4.35,7.19,32,115,8,0,"Missouri","0","0",0,0,5.2
"643",2014,"Sammy Watkins","Sammy","Watkins","WR","6","1.0000",73,211,0,0,4.43,0,0,4.34,6.95,34,126,16,1,"Clemson","0","4",4,0,7
"656",2014,"Albert Wilson","Albert","Wilson","WR","5","9.0000",69,202,0,0,4.43,0,0,4.21,7,37.5,123,10,0,"Georgia State","0","0",0,0,4.8
"662",2013,"Keenan Allen","Keenan","Allen","WR","6","2.5000",74.5,206,32.75,10,4.71,0,0,0,0,0,0,0,3,"California","14(76)","14",76,0,0
"669",2013,"Tavon Austin","Tavon","Austin","WR","5","8.0000",68,174,30,9.125,4.34,0,1.45,4.01,0,32,120,14,1,"West Virginia","8(8)","8",8,0,0
"672",2013,"Stedman Bailey","Stedman","Bailey","WR","5","10.0000",70,193,32.75,9.875,4.52,0,1.58,4.09,6.81,34.5,117,11,3,"West Virginia","30(92)","30",92,0,0
"687",2013,"Alan Bonner","Alan","Bonner","WR","5","10.0000",70,193,30.25,9.375,4.59,0,1.63,4.15,0,33,117,14,6,"Jacksonville State","27(195)","27",195,0,0
"690",2013,"Josh Boyce","Josh","Boyce","WR","5","11.0000",71,206,31.25,9.25,4.38,0,1.56,4.1,6.68,34,131,22,4,"TCU","5(102)","5",102,0,0
"709",2013,"Marcus Davis","Marcus","Davis","WR","6","3.0000",75,233,32.75,10.25,4.56,0,1.63,0,7.15,39.5,120,19,0,"","","0",0,0,0
"731",2013,"Corey Fuller","Corey","Fuller","WR","6","2.0000",74,204,33.25,9.5,4.43,0,1.49,0,0,31.5,120,12,6,"Virginia Tech","3(171)","3",171,0,0
"739",2013,"Tyrone Goard","Tyrone","Goard","WR","6","7.0000",79,205,34,8.75,4.5,0,1.53,4.39,6.9,36,123,10,0,"","","0",0,0,0
"742",2013,"Marquise Goodwin","Marquise","Goodwin","WR","5","9.0000",69,183,31.5,8.625,4.27,0,1.43,0,0,0,132,13,3,"Texas","16(78)","16",78,0,0
"749",2013,"Cobi Hamilton","Cobi","Hamilton","WR","6","2.0000",74,212,32.5,8.75,4.56,0,1.63,4.31,0,29.5,107,11,6,"Arkansas","29(197)","29",197,0,0
"751",2013,"Chris Harper","Chris","Harper","WR","6","1.0000",73,229,32.75,9.75,4.55,0,1.55,4.39,6.89,35.5,116,20,4,"Kansas State","26(123)","26",123,0,0
"754",2013,"Mark Harrison","Mark","Harrison","WR","6","3.0000",75,231,35,9.625,4.46,0,1.58,4.33,6.99,38.5,129,17,0,"","","0",0,0,0
"765",2013,"Deandre Hopkins","Deandre","Hopkins","WR","6","1.0000",73,214,33.375,10,4.57,0,1.59,4.5,0,36,115,15,1,"Clemson","27(27)","27",27,0,0
"768",2013,"Justin Hunter","Justin","Hunter","WR","6","4.0000",76,196,33.25,9.375,4.44,0,1.54,4.33,0,39.5,136,0,2,"Tennessee","2(34)","2",34,0,0
"780",2013,"Charles Johnson","Charles","Johnson","WR","6","2.0000",74,215,30.5,9.25,4.39,2.51,1.53,4.31,7.04,39.5,133,14,7,"Grand Valley State","10(216)","10",216,0,0
"781",2013,"Darius Johnson","Darius","Johnson","WR","5","9.0000",69,179,30.25,9.125,4.6,0,1.57,4.53,0,32,109,6,0,"","","0",0,0,0
"795",2013,"Brandon Kaufman","Brandon","Kaufman","WR","6","5.0000",77,216,32.25,9.25,4.67,0,1.59,4.44,7.11,33.5,115,9,0,"","","0",0,0,0
"796",2013,"Tavarres King","Tavarres","King","WR","6","0.0000",72,189,33,9.5,4.47,0,1.58,4.33,6.91,36.5,123,11,5,"Georgia","28(161)","28",161,0,0
"803",2013,"Alec Lemon","Alec","Lemon","WR","6","1.0000",73,202,31.125,8.5,4.59,0,1.61,4.29,7.04,32,112,7,0,"","","0",0,0,0
"828",2013,"Aaron Mellette","Aaron","Mellette","WR","6","2.0000",74,217,33.125,9.625,4.54,0,1.56,4.41,7.11,33.5,123,9,7,"Elon","32(238)","32",238,0,0
"836",2013,"T.J. Moe","T.J.","Moe","WR","5","11.0000",71,204,30.125,9.875,4.74,0,1.57,3.96,6.53,36,120,26,0,"","","0",0,0,0
"847",2013,"Cordarrelle Patterson","Cordarrelle","Patterson","WR","6","2.0000",74,216,31.75,9,4.42,0,1.55,0,0,37,128,0,1,"Tennessee","29(29)","29",29,0,0
"848",2013,"Quinton Patton","Quinton","Patton","WR","6","0.0000",72,204,32.875,9.375,4.53,0,1.56,4.01,6.91,33,118,8,4,"Louisiana Tech","31(128)","31",128,0,0
"865",2013,"Denard Robinson","Denard","Robinson","WR","5","10.0000",70,199,32.625,9,4.43,0,1.56,4.22,7.09,36.5,123,0,5,"Michigan","2(135)","2",135,0,0
"866",2013,"DaRick Rogers","DaRick","Rogers","WR","6","2.0000",74,217,32.75,9.5,4.52,0,1.67,4.06,6.71,39.5,132,10,0,"","","0",0,0,0
"870",2013,"Lanear Sampson","Lanear","Sampson","WR","5","11.0000",71,204,30.75,9.25,4.46,0,1.51,4.38,7.1,33.5,119,20,0,"","","0",0,0,0
"871",2013,"Ace Sanders","Ace","Sanders","WR","5","7.0000",67,173,29.5,8.875,4.58,0,1.55,4.37,6.81,32,117,7,4,"South Carolina","4(101)","4",101,0,0
"880",2013,"Rodney Smith","Rodney","Smith","WR","6","4.0000",76,225,34.75,10.375,4.51,0,1.55,4.07,7.03,34.5,120,0,0,"","","0",0,0,0
"882",2013,"Ryan Spadola","Ryan","Spadola","WR","6","1.0000",73,204,30.75,9.75,4.48,0,1.55,4.07,6.72,33.5,119,15,0,"","","0",0,0,0
"891",2013,"Kenny Stills","Kenny","Stills","WR","6","0.0000",72,194,30.5,9,4.38,0,1.53,4.35,0,33.5,124,16,5,"Oklahoma","11(144)","11",144,0,0
"894",2013,"Ryan Swope","Ryan","Swope","WR","6","0.0000",72,205,31.375,8.5,4.34,0,1.47,4.25,6.76,37,125,16,6,"Texas A&M","6(174)","6",174,0,0
"903",2013,"Kenbrell Thompkins","Kenbrell","Thompkins","WR","6","1.0000",73,193,32.25,8.75,4.54,0,1.54,4.21,6.88,33.5,121,8,0,"","","0",0,0,0
"911",2013,"Conner Vernon","Conner","Vernon","WR","6","0.0000",72,196,30.5,9.25,4.68,0,1.61,4.22,6.93,32.5,125,0,0,"","","0",0,0,0
"923",2013,"Markus Wheaton","Markus","Wheaton","WR","5","11.0000",71,189,32.75,9.125,4.45,0,1.52,4.02,6.8,37,120,20,3,"Oregon State","17(79)","17",79,0,0
"933",2013,"Terrance Williams","Terrance","Williams","WR","6","2.0000",74,208,31.25,8.75,4.52,0,1.52,4.32,7.01,32.5,119,11,3,"Baylor","12(74)","12",74,0,0
"937",2013,"Marquess Wilson","Marquess","Wilson","WR","6","3.0000",75,194,31.125,9.25,4.51,0,1.51,4.33,6.65,34.5,122,7,7,"Washington State","30(236)","30",236,0,0
"943",2013,"Robert Woods","Robert","Woods","WR","6","0.0000",72,201,31,9.25,4.51,0,0,4.47,7.15,33.5,117,14,2,"USC","9(41)","9",41,0,0
"948",2012,"Joe Adams","Joe","Adams","WR","5","11.0000",71,179,31.875,9.375,4.57,2.66,1.69,0,7.09,36,123,0,4,"Arkansas","9(104)","9",104,0,0
"963",2012,"Tim Benford","Tim","Benford","WR","5","11.0000",71,205,33.125,8.875,4.59,0,1.65,4.35,7.3,33,121,15,0,"","","0",0,0,0
"964",2012,"Travis Benjamin","Travis","Benjamin","WR","5","9.0000",69,172,31.75,8.75,4.36,0,1.58,0,0,38,119,14,4,"Miami (FL)","5(100)","5",100,0,0
"969",2012,"Justin Blackmon","Justin","Blackmon","WR","6","1.0000",73,207,32.5,9.25,4.46,0,0,0,0,35,123,14,1,"Oklahoma State","5(5)","5",5,0,0
"976",2012,"Jarrett Boykin","Jarrett","Boykin","WR","6","2.0000",74,217,32.25,10.25,4.72,0,1.58,4.28,7.12,36,123,11,0,"","","0",0,0,0
"979",2012,"LaVon Brazill","LaVon","Brazill","WR","5","11.0000",71,192,32,9.75,4.48,0,0,0,0,32,0,11,6,"Ohio","36(206)","36",206,0,0
"986",2012,"Ryan Broyles","Ryan","Broyles","WR","5","10.0000",70,192,32.25,9,0,0,0,0,0,0,0,21,2,"Oklahoma","22(54)","22",54,0,0
"993",2012,"Greg Childs","Greg","Childs","WR","6","3.0000",75,219,34.125,10.125,4.55,0,0,4.09,6.9,36,125,19,4,"Arkansas","39(134)","39",134,0,0
"995",2012,"Danny Coale","Danny","Coale","WR","6","0.0000",72,201,30.625,9.125,4.5,0,0,4.15,6.69,35,115,12,5,"Virginia Tech","17(152)","17",152,0,0
"999",2012,"Josh Cooper","Josh","Cooper","WR","5","11.0000",71,190,31,9.5,4.65,2.64,1.58,4.35,7.12,31.5,115,11,0,"","","0",0,0,0
"1009",2012,"Juron Criner","Juron","Criner","WR","6","2.0000",74,224,32,10.5,4.68,0,0,4.3,7.15,38,117,17,5,"Arizona","33(168)","33",168,0,0
"1011",2012,"B.J. Cunningham","B.J.","Cunningham","WR","6","1.0000",73,211,33,8.125,4.59,0,0,0,7.1,31,116,12,6,"Michigan State","13(183)","13",183,0,0
"1021",2012,"Patrick Edwards","Patrick","Edwards","WR","5","9.0000",69,172,29.625,8.375,4.57,2.66,1.58,4.2,7.12,33.5,118,5,0,"","","0",0,0,0
"1029",2012,"Michael Floyd","Michael","Floyd","WR","6","3.0000",75,220,32.875,9.375,4.47,0,1.57,4.37,7.11,36,122,16,1,"Notre Dame","13(13)","13",13,0,0
"1034",2012,"Jeff Fuller","Jeff","Fuller","WR","6","3.5000",75.5,223,33.625,9.875,4.53,2.75,1.61,4.42,7.09,32,120,17,0,"","","0",0,0,0
"1040",2012,"Chris Givens","Chris","Givens","WR","5","11.0000",71,198,31.25,8.25,4.41,0,0,4.23,6.97,33,118,19,4,"Wake Forest","1(96)","1",96,0,0
"1043",2012,"T.J. Graham","T.J.","Graham","WR","5","11.0000",71,188,32.75,9,4.41,0,1.47,4.18,6.77,33,120,8,3,"North Carolina State","6(69)","6",69,0,0
"1053",2012,"Darius Hanks","Darius","Hanks","WR","6","0.0000",72,184,31.75,9.5,4.66,0,1.57,0,0,34,117,11,0,"","","0",0,0,0
"1063",2012,"Junior Hemingway","Junior","Hemingway","WR","6","1.0000",73,225,32.5,9.625,4.53,0,1.53,3.98,6.59,35,124,21,7,"Michigan","31(238)","31",238,0,0
"1067",2012,"Stephen Hill","Stephen","Hill","WR","6","4.0000",76,215,33.375,9.375,4.34,2.52,1.5,4.51,6.89,39.5,133,14,2,"Georgia Tech","11(43)","11",43,0,0
"1069",2012,"T.Y. Hilton","T.Y.","Hilton","WR","5","10.0000",70,183,32,8.5,4.34,2.51,1.53,4.36,7.03,35.5,119,7,3,"Florida International","29(92)","29",92,0,0
"1081",2012,"Jerrell Jackson","Jerrell","Jackson","WR","6","0.0000",72,196,32.875,9.25,4.62,0,1.6,4.11,6.82,41,127,22,0,"","","0",0,0,0
"1086",2012,"Alshon Jeffery","Alshon","Jeffery","WR","6","2.8750",74.875,216,33,10.25,4.48,2.63,1.64,4.17,6.71,36.5,122,0,2,"South Carolina","13(45)","13",45,0,0
"1087",2012,"A.J. Jenkins","A.J.","Jenkins","WR","6","0.0000",72,190,32.75,9.5,4.39,0,0,4.12,6.73,38,124,12,1,"Illinois","30(30)","30",30,0,0
"1097",2012,"Dwight Jones","Dwight","Jones","WR","6","3.0000",75,230,34,9,4.55,0,1.62,0,0,33,109,14,0,"","","0",0,0,0
"1100",2012,"Marvin Jones","Marvin","Jones","WR","6","2.0000",74,199,33.125,10.25,4.46,0,1.57,4.11,6.81,33,112,22,5,"California","31(166)","31",166,0,0
"1104",2012,"Jermaine Kearse","Jermaine","Kearse","WR","6","0.0000",72,209,32.125,9.25,4.58,0,1.56,4.12,7.03,34,119,14,0,"","","0",0,0,0
"1127",2012,"Keshawn Martin","Keshawn","Martin","WR","5","11.0000",71,188,31.375,9.25,4.45,0,0,4.13,6.85,39,122,13,4,"Michigan State","26(121)","26",121,0,0
"1132",2012,"Rishard Matthews","Rishard","Matthews","WR","6","0.0000",72,217,32.5,9.125,4.62,0,1.57,4.19,6.88,36,0,20,7,"Nevada","20(227)","20",227,0,0
"1133",2012,"Marquis Maze","Marquis","Maze","WR","5","8.0000",68,186,29.75,9,4.51,0,0,0,0,33,112,0,0,"","","0",0,0,0
"1139",2012,"Marvin McNutt","Marvin","McNutt","WR","6","2.0000",74,216,32,10,4.54,0,0,4.07,7.15,37,122,0,6,"Iowa","24(194)","24",194,0,0
"1150",2012,"Kashif Moore","Kashif","Moore","WR","5","9.0000",69,180,31,9.625,4.42,0,0,4.05,6.82,43,126,19,0,"","","0",0,0,0
"1155",2012,"Derek Moye","Derek","Moye","WR","6","4.0000",76,209,32.75,8.25,4.52,0,0,4.23,6.96,33,115,10,0,"","","0",0,0,0
"1162",2012,"Chris Owusu","Chris","Owusu","WR","5","11.0000",71,196,31.75,8.5,4.36,0,0,4.11,6.85,40,129,19,0,"","","0",0,0,0
"1163",2012,"Eric Page","Eric","Page","WR","5","9.0000",69,186,29,9,4.6,0,0,3.98,6.95,30,112,15,0,"","","0",0,0,0
"1175",2012,"DeVier Posey","DeVier","Posey","WR","6","2.0000",74,211,31.625,9.625,4.5,0,1.45,4.15,7.03,36,123,14,3,"Ohio State","5(68)","5",68,0,0
"1183",2012,"Brian Quick","Brian","Quick","WR","6","4.0000",76,220,34.25,9.75,4.55,0,0,4.23,7.1,34,119,15,2,"Appalachian State","1(33)","1",33,0,0
"1186",2012,"Rueben Randle","Rueben","Randle","WR","6","3.0000",75,210,33,9.5,4.55,0,0,4.36,6.99,31,121,15,2,"LSU","31(63)","31",63,0,0
"1195",2012,"Gerell Robinson","Gerell","Robinson","WR","6","3.0000",75,227,33,10.125,4.62,0,0,4.15,0,35,113,0,0,"","","0",0,0,0
"1199",2012,"James Rodgers","James","Rodgers","WR","5","7.0000",67,184,29.625,8.75,4.67,0,0,4.23,0,37,115,19,0,"","","0",0,0,0
"1202",2012,"Mohamed Sanu","Mohamed","Sanu","WR","6","2.0000",74,211,33.5,10.125,4.67,0,0,4.22,6.88,36,126,19,3,"Rutgers","20(83)","20",83,0,0
"1217",2012,"Tommy Streeter","Tommy","Streeter","WR","6","4.0000",76,219,34.75,9.5,4.4,0,0,0,7.08,33,125,17,6,"Miami (FL)","28(198)","28",198,0,0
"1229",2012,"Nick Toon","Nick","Toon","WR","6","2.0000",74,215,32.5,9,4.54,0,0,0,0,37,132,18,4,"Wisconsin","27(122)","27",122,0,0
"1245",2012,"Jordan White","Jordan","White","WR","6","0.0000",72,208,31.5,9.25,4.69,0,0,4.13,6.84,35,119,14,7,"Western Michigan","37(244)","37",244,0,0
"1255",2012,"Jarius Wright","Jarius","Wright","WR","5","10.0000",70,182,31.5,8.5,4.42,0,1.45,4.03,6.93,38,120,11,4,"Arkansas","23(118)","23",118,0,0
"1256",2012,"Kendall Wright","Kendall","Wright","WR","5","10.2500",70.25,196,30.375,8.625,4.61,2.65,1.53,4.18,6.93,38.5,121,4,1,"Baylor","20(20)","20",20,0,0
"1257",2012,"Devon Wylie","Devon","Wylie","WR","5","9.0000",69,187,30.25,9.5,4.39,0,0,0,0,39,123,17,4,"Fresno State","12(107)","12",107,0,0
"1262",2011,"Darvin Adams","Darvin","Adams","WR","6","2.0000",74,190,34,9.25,4.56,0,0,0,0,0,0,0,0,"","","0",0,0,0
"1274",2011,"Jon Baldwin","Jon","Baldwin","WR","6","4.0000",76,228,33.53,10.125,4.49,2.57,1.58,4.34,7.07,42,129,20,0,"","","0",0,0,0
"1281",2011,"Armon Binns","Armon","Binns","WR","6","3.0000",75,209,32.5,9.5,4.5,2.55,1.55,4.31,6.86,31.5,118,13,0,"","","0",0,0,0
"1291",2011,"DeAndre Brown","DeAndre","Brown","WR","6","6.0000",78,233,33.25,9.625,4.59,0,0,4.33,6.93,29,117,20,0,"","","0",0,0,0
"1293",2011,"Vincent Brown","Vincent","Brown","WR","5","11.0000",71,187,33,10.25,4.68,0,0,4.25,6.64,33.5,121,12,3,"San Diego State","18(82)","18",82,0,0
"1296",2011,"Stephen Burton","Stephen","Burton","WR","6","1.0000",73,221,32,9.125,4.5,0,0,4.31,7.04,34.5,117,19,7,"West Texas A&M","33(236)","33",236,0,0
"1315",2011,"Randall Cobb","Randall","Cobb","WR","5","10.0000",70,191,31,9.375,4.46,2.53,1.56,4.34,7.08,33.5,115,16,2,"Kentucky","32(64)","32",64,0,0
"1325",2011,"Mark Dell","Mark","Dell","WR","6","0.0000",72,193,32.75,9.5,4.54,0,0,0,0,0,0,14,0,"","","0",0,0,0
"1331",2011,"Tandon Doss","Tandon","Doss","WR","6","2.0000",74,201,31.25,10.125,4.56,2.72,1.6,4.22,6.91,33.5,116,14,4,"Indiana","26(123)","26",123,0,0
"1346",2011,"Edmond Gates","Edmond","Gates","WR","6","1.0000",73,192,30.75,9.375,4.31,2.51,1.53,4.17,6.87,40,131,16,4,"Abilene Christian","14(111)","14",111,0,0
"1353",2011,"A.J. Green","A.J.","Green","WR","6","4.0000",76,211,34.375,9.25,4.48,2.53,1.55,4.21,6.91,34.5,126,18,1,"Georgia","4(4)","4",4,0,0
"1357",2011,"Tori Gurley","Tori","Gurley","WR","6","4.0000",76,216,35,9.75,4.53,0,0,4.25,7.05,33.5,118,15,0,"","","0",0,0,0
"1361",2011,"Leonard Hankerson","Leonard","Hankerson","WR","6","2.0000",74,209,32.25,10.625,4.4,2.53,1.51,4.21,6.94,36,117,14,3,"Miami (FL)","15(79)","15",79,0,0
"1365",2011,"Dwayne Harris","Dwayne","Harris","WR","5","10.0000",70,203,31.125,10.125,4.53,0,0,4.21,6.77,34,111,10,6,"East Carolina","11(176)","11",176,0,0
"1375",2011,"Andre Holmes","Andre","Holmes","WR","6","4.0000",76,210,34,8.625,4.51,0,0,4.31,6.69,35,130,11,0,"","","0",0,0,0
"1390",2011,"Lestar Jean","Lestar","Jean","WR","6","3.0000",75,215,33,9,4.61,0,0,4.43,7.45,37.5,113,14,0,"","","0",0,0,0
"1392",2011,"Jerrel Jernigan","Jerrel","Jernigan","WR","5","9.0000",69,185,32,9.25,4.46,2.54,1.56,4.25,7.07,37.5,117,11,3,"Troy","19(83)","19",83,0,0
"1396",2011,"Ronald Johnson","Ronald","Johnson","WR","5","11.0000",71,199,30.75,9,4.46,0,0,0,0,0,0,16,6,"USC","17(182)","17",182,0,0
"1398",2011,"Julio Jones","Julio","Jones","WR","6","3.0000",75,220,33.75,9.75,4.34,2.47,1.5,4.25,6.66,38.5,135,17,1,"Alabama","6(6)","6",6,0,0
"1405",2011,"Jeremy Kerley","Jeremy","Kerley","WR","5","10.0000",70,189,30,9,4.56,2.63,1.58,3.99,6.7,34.5,120,16,5,"TCU","22(153)","22",153,0,0
"1417",2011,"Greg Little","Greg","Little","WR","6","3.0000",75,231,33.25,9.125,4.51,0,0,4.21,6.8,40.5,129,27,2,"North Carolina","27(59)","27",59,0,0
"1422",2011,"Ricardo Lockette","Ricardo","Lockette","WR","6","2.0000",74,211,33.75,9.75,4.34,2.48,1.52,4.19,7.15,35.5,127,22,0,"","","0",0,0,0
"1425",2011,"Jeff Maehl","Jeff","Maehl","WR","6","1.0000",73,190,31.5,9.125,4.56,2.69,1.6,3.94,6.42,33.5,115,8,0,"","","0",0,0,0
"1443",2011,"Denarius Moore","Denarius","Moore","WR","6","1.0000",73,194,33,9.5,4.43,2.5,1.55,4.15,6.78,36,118,13,5,"Tennessee","17(148)","17",148,0,0
"1447",2011,"O.J. Murdock","O.J.","Murdock","WR","5","11.0000",71,197,32,9,4.53,0,0,4.37,0,34.5,116,15,0,"","","0",0,0,0
"1459",2011,"Niles Paul","Niles","Paul","WR","6","1.0000",73,224,31,8.875,4.45,0,0,4.14,6.9,34.5,117,24,5,"Nebraska","24(155)","24",155,0,0
"1462",2011,"Austin Pettis","Austin","Pettis","WR","6","3.0000",75,209,31.75,9.75,4.56,0,0,3.88,6.68,33.5,120,14,3,"Boise State","14(78)","14",78,0,0
"1464",2011,"Kealoha Pilares","Kealoha","Pilares","WR","5","10.0000",70,199,30.5,8.75,4.56,0,0,0,0,0,0,19,5,"Hawaii","1(132)","1",132,0,0
"1478",2011,"Aldrick Robinson","Aldrick","Robinson","WR","5","10.0000",70,184,29.5,8.75,4.35,0,0,4.09,6.65,40,126,17,6,"Southern Methodist","13(178)","13",178,0,0
"1486",2011,"Greg Salas","Greg","Salas","WR","6","1.0000",73,210,32,9.25,4.53,2.6,1.56,4.1,6.65,37,120,15,0,"","","0",0,0,0
"1487",2011,"DeMarco Sampson","DeMarco","Sampson","WR","6","2.0000",74,204,33,9.625,4.69,0,0,0,0,0,0,14,7,"San Diego State","46(249)","46",249,0,0
"1488",2011,"Jock Sanders","Jock","Sanders","WR","5","6.0000",66,181,28.25,8.875,4.5,0,0,4.13,6.78,34.5,121,19,0,"","","0",0,0,0
"1490",2011,"Dane Sanzenbacher","Dane","Sanzenbacher","WR","5","11.0000",71,182,30.5,8.25,4.56,0,0,3.97,6.46,33.5,118,0,0,"","","0",0,0,0
"1501",2011,"Cecil Shorts","Cecil","Shorts","WR","6","1.0000",73,205,31.625,9.25,4.5,0,0,4.07,6.5,34.5,114,21,4,"Mount Union","17(114)","17",114,0,0
"1509",2011,"Torrey Smith","Torrey","Smith","WR","6","1.0000",73,204,32.5,8.5,4.41,2.5,1.51,4.13,6.72,41,126,19,2,"Maryland","26(58)","26",58,0,0
"1513",2011,"Owen Spencer","Owen","Spencer","WR","6","2.0000",74,195,33.375,9.5,4.51,2.55,1.54,4.18,6.86,37.5,125,6,0,"","","0",0,0,0
"1531",2011,"Terrance Toliver","Terrance","Toliver","WR","6","4.0000",76,212,32,10,4.52,0,0,4.03,6.48,32,122,0,0,"","","0",0,0,0
"1540",2011,"Ryan Whalen","Ryan","Whalen","WR","6","1.0000",73,202,30,9,4.53,0,0,4.09,6.67,38.5,123,18,6,"Stanford","2(167)","2",167,0,0
"1550",2011,"Marshall Williams","Marshall","Williams","WR","6","1.0000",73,188,32,9.25,4.56,2.58,1.59,4.09,6.61,35.5,123,9,0,"","","0",0,0,0
"1561",2011,"Jimmy Young","Jimmy","Young","WR","6","1.0000",73,204,31.375,9,4.5,0,0,4.18,7.08,37,115,19,0,"","","0",0,0,0
"1562",2011,"Titus Young","Titus","Young","WR","5","11.0000",71,174,30.875,9,4.43,2.54,1.58,4.3,6.85,35,123,0,2,"Boise State","12(44)","12",44,0,0
"1564",2010,"Seyi Ajirotutu","Seyi","Ajirotutu","WR","6","4.0000",76,204,32.625,9.375,4.6,0,0,4.39,7.22,36,115,14,0,"","","0",0,0,0
"1572",2010,"Alric Arnett","Alric","Arnett","WR","6","2.0000",74,188,32.5,9,4.52,0,0,4.43,7.03,40,122,0,0,"","","0",0,0,0
"1578",2010,"Chris Bell","Chris","Bell","WR","6","2.0000",74,211,32.25,9.125,4.5,0,0,4.35,6.76,35,117,15,0,"","","0",0,0,0
"1580",2010,"Arrelious Benn","Arrelious","Benn","WR","6","1.0000",73,219,32.25,9.375,4.57,2.58,1.55,4.32,6.78,37,118,20,2,"Illinois","7(39)","7",39,0,0
"1588",2010,"Dezmon Briscoe","Dezmon","Briscoe","WR","6","2.0000",74,207,33.5,9.5,4.66,0,0,4.57,7.1,33,115,9,6,"Kansas","22(191)","22",191,0,0
"1590",2010,"Antonio Brown","Antonio","Brown","WR","5","10.0000",70,186,31,9,4.56,0,0,4.18,6.98,33.5,105,13,6,"Central Michigan","26(195)","26",195,0,0
"1596",2010,"Dez Bryant","Dez","Bryant","WR","6","2.0000",74,225,34,9.75,4.52,2.58,1.4,4.48,7.21,38,133,0,1,"Oklahoma State","24(24)","24",24,0,0
"1626",2010,"Riley Cooper","Riley","Cooper","WR","6","4.0000",76,222,32.625,10.375,4.53,0,0,0,0,33,114,0,5,"Florida","28(159)","28",159,0,0
"1632",2010,"Eric Decker","Eric","Decker","WR","6","3.0000",75,217,31,9.125,4.54,0,0,0,0,0,0,15,3,"Minnesota","23(87)","23",87,0,0
"1643",2010,"Marcus Easley","Marcus","Easley","WR","6","3.0000",75,210,32.75,8.5,4.39,2.52,1.52,4.6,6.94,34,123,16,4,"Connecticut","9(107)","9",107,0,0
"1647",2010,"Jacoby Ford","Jacoby","Ford","WR","5","9.0000",69,186,30.5,9.25,4.28,0,0,4.44,7,33.5,115,15,4,"Clemson","10(108)","10",108,0,0
"1654",2010,"David Gettis","David","Gettis","WR","6","3.0000",75,217,34,10,4.43,2.59,1.54,4.41,6.94,34.5,124,15,6,"Baylor","29(198)","29",198,0,0
"1657",2010,"Mardy Gilyard","Mardy","Gilyard","WR","6","1.0000",73,187,32.25,9.125,4.61,0,0,4.4,6.92,39,116,0,4,"Cincinnati","1(99)","1",99,0,0
"1675",2010,"Shay Hodge","Shay","Hodge","WR","6","1.0000",73,209,33,9.25,4.62,2.65,1.55,4.32,6.9,33.5,117,11,0,"","","0",0,0,0
"1676",2010,"Trindon Holliday","Trindon","Holliday","WR","5","5.0000",65,166,28.375,8.25,4.34,0,0,4.48,6.54,42,116,10,6,"LSU","28(197)","28",197,0,0
"1696",2010,"Donald Jones","Donald","Jones","WR","6","1.0000",73,214,32,9,4.46,0,0,4.2,6.9,41,119,20,0,"","","0",0,0,0
"1699",2010,"Kevin Jurovich","Kevin","Jurovich","WR","5","11.0000",71,182,30.5,9.5,4.49,0,0,0,0,0,0,14,0,"","","0",0,0,0
"1704",2010,"Brandon LaFell","Brandon","LaFell","WR","6","3.0000",75,211,32.75,8.75,4.58,2.68,1.55,4.23,6.81,36,115,11,3,"LSU","14(78)","14",78,0,0
"1717",2010,"Scott Long","Scott","Long","WR","6","2.0000",74,216,31.25,9.75,4.46,0,0,4.09,6.45,41.5,123,20,0,"","","0",0,0,0
"1725",2010,"Dexter McCluster","Dexter","McCluster","WR","5","9.0000",69,172,29.25,8.375,4.53,0,0,4.06,0,37.5,118,20,2,"Mississippi","4(36)","4",36,18,0
"1730",2010,"Chris McGaha","Chris","McGaha","WR","6","1.0000",73,201,31.75,10.125,4.52,0,0,4.21,0,40,122,19,0,"","","0",0,0,0
"1734",2010,"Kerry Meier","Kerry","Meier","WR","6","2.0000",74,224,32,9.375,4.62,0,0,4.23,0,35,115,13,5,"Kansas","34(165)","34",165,0,0
"1738",2010,"Carlton Mitchell","Carlton","Mitchell","WR","6","3.0000",75,215,33.5,10.625,4.46,2.6,1.52,4.55,6.96,36,122,16,6,"South Florida","8(177)","8",177,0,0
"1760",2010,"Jared Perry","Jared","Perry","WR","6","1.0000",73,178,32,9,4.51,0,0,4.39,6.75,33.5,121,11,0,"","","0",0,0,0
"1769",2010,"Taylor Price","Taylor","Price","WR","6","1.0000",73,204,31.25,9.5,4.4,0,0,4.34,6.82,37,114,16,3,"Ohio","26(90)","26",90,0,0
"1771",2010,"David Reed","David","Reed","WR","6","1.0000",73,191,31.75,9.375,4.56,0,0,4.38,6.95,37,114,15,5,"Utah","25(156)","25",156,0,0
"1774",2010,"Andre Roberts","Andre","Roberts","WR","5","11.0000",71,195,31.5,9.5,4.4,2.58,1.52,4.15,6.77,36,120,15,3,"Citadel","24(88)","24",88,0,0
"1782",2010,"Emmanuel Sanders","Emmanuel","Sanders","WR","5","11.0000",71,186,32,9.25,4.4,2.46,1.49,4.1,6.64,39.5,126,12,3,"Southern Methodist","18(82)","18",82,0,0
"1790",2010,"Jordan Shipley","Jordan","Shipley","WR","5","11.0000",71,193,30.5,9.625,4.6,0,0,0,0,36.5,116,16,3,"Texas","20(84)","20",84,0,0
"1804",2010,"Golden Tate","Golden","Tate","WR","5","10.0000",70,199,30.5,9.25,4.42,0,0,4.34,7.12,35,120,17,2,"Notre Dame","28(60)","28",60,0,0
"1810",2010,"Demaryius Thomas","Demaryius","Thomas","WR","6","3.2500",75.25,224,33,10.5,4.38,0,0,0,0,0,0,0,1,"Georgia Tech","22(22)","22",22,0,0
"1833",2010,"Blair White","Blair","White","WR","6","2.0000",74,209,31.5,9.25,4.49,0,0,4.03,6.69,33.5,115,18,0,"","","0",0,0,0
"1834",2010,"Damian Williams","Damian","Williams","WR","6","1.0000",73,197,31.75,9.25,4.52,0,0,4.24,6.79,38,118,19,3,"USC","13(77)","13",77,0,0
"1836",2010,"Jeremy Williams","Jeremy","Williams","WR","6","1.0000",73,206,31.5,10,4.59,0,0,0,6.73,36,117,14,0,"","","0",0,0,0
"1837",2010,"Kyle Williams","Kyle","Williams","WR","5","10.0000",70,188,30,9.125,4.4,0,0,4.19,7,33,118,11,6,"Arizona State","37(206)","37",206,0,0
"1838",2010,"Mike Williams","Mike","Williams","WR","6","2.0000",74,221,32.5,9.25,4.53,2.64,1.52,4.31,6.9,33.5,116,8,4,"Syracuse","3(101)","3",101,0,0
"1839",2010,"Stephen Williams","Stephen","Williams","WR","6","5.0000",77,210,33.25,9.125,4.5,2.52,1.48,4.11,6.81,36.5,125,15,0,"","","0",0,0,0
"1859",2009,"Ramses Barden","Ramses","Barden","WR","6","6.0000",78,229,34.5,10.75,4.55,0,0,4.26,0,33.5,118,17,3,"Cal Poly","21(85)","21",85,0,0
"1878",2009,"Kenny Britt","Kenny","Britt","WR","6","3.0000",75,218,34,9,4.49,2.62,1.56,4.47,0,37,124,23,1,"Rutgers","30(30)","30",30,0,0
"1890",2009,"Deon Butler","Deon","Butler","WR","5","11.0000",71,182,31,9.25,4.31,0,0,4.48,7.01,34.5,118,12,3,"Penn State","27(91)","27",91,0,0
"1892",2009,"Demetrius Byrd","Demetrius","Byrd","WR","6","1.0000",73,196,33.375,9,4.35,0,0,0,0,31.5,117,0,7,"LSU","15(224)","15",224,0,0
"1900",2009,"Jeremy Childs","Jeremy","Childs","WR","6","1.0000",73,200,33.75,9,4.62,0,0,4.26,6.9,33.5,115,0,0,"","","0",0,0,0
"1904",2009,"Austin Collie","Austin","Collie","WR","6","1.0000",73,200,31,9,4.56,0,0,4.24,6.78,34,120,17,4,"Brigham Young","27(127)","27",127,0,0
"1909",2009,"Quan Cosby","Quan","Cosby","WR","5","9.0000",69,196,30.25,9.25,4.5,0,0,4.47,7.28,0,0,0,0,"","","0",0,0,0
"1920",2009,"Jarett Dillard","Jarett","Dillard","WR","5","10.0000",70,191,30.875,8.125,4.52,0,0,4.41,7.1,42.5,129,13,5,"Rice","8(144)","8",144,0,0
"1922",2009,"Dominique Edison","Dominique","Edison","WR","6","2.0000",74,204,32.5,8.5,4.43,2.53,1.54,4.18,7.09,37,120,0,6,"Stephen F. Austin","33(206)","33",206,0,0
"1938",2009,"Brooks Foster","Brooks","Foster","WR","6","1.0000",73,201,32,9.625,4.45,0,0,0,0,0,0,27,5,"North Carolina","24(160)","24",160,0,0
"1961",2009,"Brian Hartline","Brian","Hartline","WR","6","2.0000",74,195,32,10,4.52,2.61,1.5,4.12,6.65,34.5,120,0,4,"Ohio State","8(108)","8",108,0,0
"1962",2009,"Percy Harvin","Percy","Harvin","WR","5","11.0000",71,192,31.625,9.375,4.39,2.51,1.47,0,0,37.5,121,19,1,"Florida","22(22)","22",22,12,0
"1964",2009,"Darrius Heyward-Bey","Darrius","Heyward-Bey","WR","6","2.0000",74,210,33.625,9,4.3,2.5,1.44,4.18,6.8,38.5,126,16,1,"Maryland","7(7)","7",7,0,0
"1973",2009,"Juaquin Iglesias","Juaquin","Iglesias","WR","6","1.0000",73,210,31,9.5,4.44,0,0,4.4,0,34.5,116,0,3,"Oklahoma","35(99)","35",99,0,0
"1993",2009,"Taurus Johnson","Taurus","Johnson","WR","6","1.0000",73,206,31.75,9.625,4.49,0,0,4.24,7.37,35.5,121,18,0,"","","0",0,0,0
"1994",2009,"Aaron Kelly","Aaron","Kelly","WR","6","5.0000",77,204,32.75,9.5,4.49,0,0,4.45,7.25,38,119,11,0,"","","0",0,0,0
"1999",2009,"Johnny Knox","Johnny","Knox","WR","6","1.0000",73,185,31,9,4.29,2.53,1.47,4.15,6.81,35,122,0,5,"Abilene Christian","4(140)","4",140,0,0
"2003",2009,"Quinten Lawrence","Quinten","Lawrence","WR","6","0.0000",72,184,30.25,8.25,4.4,0,0,0,0,0,0,20,6,"McNeese State","2(175)","2",175,0,0
"2012",2009,"Jeremy Maclin","Jeremy","Maclin","WR","6","1.0000",73,198,32.25,9.25,4.45,2.62,1.58,4.25,7.06,35.5,120,0,1,"Missouri","19(19)","19",19,25,0
"2019",2009,"Mohamed Massaquoi","Mohamed","Massaquoi","WR","6","2.0000",74,210,33.25,9.875,4.6,2.65,1.56,4.15,7.07,36.5,127,0,2,"Georgia","18(50)","18",50,0,0
"2028",2009,"Kenny McKinley","Kenny","McKinley","WR","6","1.0000",73,189,31.25,9,4.37,0,0,4.1,6.96,37,113,0,5,"South Carolina","5(141)","5",141,0,0
"2030",2009,"Andrew Means","Andrew","Means","WR","6","1.0000",73,214,31.5,9.5,4.46,0,0,4.21,6.85,34.5,116,12,0,"","","0",0,0,0
"2035",2009,"Marko Mitchell","Marko","Mitchell","WR","6","4.0000",76,218,34.5,10.25,4.43,0,0,4.33,7.04,32,116,9,7,"Nevada","34(243)","34",243,0,0
"2045",2009,"Louis Murphy","Louis","Murphy","WR","6","3.0000",75,203,33.625,10,4.32,2.58,1.48,4.45,6.95,34.5,117,12,4,"Florida","24(124)","24",124,0,0
"2048",2009,"Hakeem Nicks","Hakeem","Nicks","WR","6","1.0000",73,212,33.5,10.5,4.51,0,0,0,0,36,0,0,1,"North Carolina","29(29)","29",29,11,0
"2051",2009,"Kevin Ogletree","Kevin","Ogletree","WR","6","1.0000",73,196,31,9,4.36,0,0,4.08,6.67,36,122,0,0,"","","0",0,0,0
"2062",2009,"Darius Passmore","Darius","Passmore","WR","6","1.0000",73,188,33,8.875,4.51,0,0,0,0,33.5,0,0,0,"","","0",0,0,0
"2080",2009,"Brian Robiskie","Brian","Robiskie","WR","6","3.0000",75,209,31.5,9.625,4.46,2.62,1.53,4.19,6.72,37.5,0,0,2,"Ohio State","4(36)","4",36,0,0
"2099",2009,"Sammie Stroughter","Sammie","Stroughter","WR","5","10.0000",70,189,29.5,9,4.54,0,0,4.28,0,30,110,13,7,"Oregon State","24(233)","24",233,0,0
"2105",2009,"Mike Thomas","Mike","Thomas","WR","5","8.0000",68,195,31,9.375,4.3,0,0,4.28,6.65,40.5,126,0,4,"Arizona","7(107)","7",107,0,0
"2109",2009,"Tiquan Underwood","Tiquan","Underwood","WR","6","1.0000",73,184,32.25,8.5,4.31,0,0,4.11,6.62,41.5,129,7,7,"Rutgers","44(253)","44",253,0,0
"2119",2009,"Mike Wallace","Mike","Wallace","WR","6","1.0000",73,199,31.375,9,4.28,2.45,1.43,4.27,0,40,129,14,3,"Mississippi","20(84)","20",84,0,0
"2126",2009,"Derrick Williams","Derrick","Williams","WR","6","1.0000",73,194,31,9.25,4.65,0,0,0,0,33,0,15,3,"Penn State","18(82)","18",82,0,0
"2129",2009,"Jaison Williams","Jaison","Williams","WR","6","4.0000",76,237,33.75,9.75,4.63,0,0,4.56,7.37,35.5,118,14,0,"","","0",0,0,0
"2146",2008,"Donnie Avery","Donnie","Avery","WR","5","11.0000",71,192,30.25,9.75,4.43,2.58,1.5,3.91,6.3,37.5,126,16,2,"Houston","2(33)","2",33,0,0
"2153",2008,"Earl Bennett","Earl","Bennett","WR","6","1.0000",73,209,0,0,4.48,0,0,4.22,0,26,110,15,3,"Vanderbilt","7(70)","7",70,0,0
"2156",2008,"Davone Bess","Davone","Bess","WR","5","10.0000",70,194,0,0,4.64,2.61,1.53,4.27,6.97,31.5,118,12,0,"","","0",0,0,0
"2160",2008,"Todd Blythe","Todd","Blythe","WR","6","5.0000",77,214,0,0,4.65,0,0,4.23,0,31.5,118,0,0,"","","0",0,0,0
"2163",2008,"Adarius Bowman","Adarius","Bowman","WR","6","3.0000",75,223,0,0,4.74,0,0,0,0,0,0,14,0,"","","0",0,0,0
"2166",2008,"Mark Bradford","Mark","Bradford","WR","6","1.0000",73,211,0,0,4.69,0,0,4.47,0,36.5,120,19,0,"","","0",0,0,0
"2168",2008,"Brandon Breazell","Brandon","Breazell","WR","6","1.0000",73,160,0,0,4.41,0,0,0,0,30.5,115,0,0,"","","0",0,0,0
"2173",2008,"Dorien Bryant","Dorien","Bryant","WR","5","10.0000",70,174,0,0,4.49,0,0,4.24,0,0,119,0,0,"","","0",0,0,0
"2175",2008,"Keenan Burton","Keenan","Burton","WR","6","1.0000",73,201,34.125,9.25,4.44,2.55,1.5,4.2,6.77,38.5,125,10,4,"Kentucky","29(128)","29",128,0,0
"2176",2008,"Andre Caldwell","Andre","Caldwell","WR","6","1.0000",73,204,0,0,4.35,0,0,4.11,0,33,124,0,3,"Florida","34(97)","34",97,0,0
"2204",2008,"Harry Douglas","Harry","Douglas","WR","5","11.0000",71,176,0,0,4.51,0,0,4.12,0,31,120,0,3,"Louisville","21(84)","21",84,0,0
"2219",2008,"Will Franklin","Will","Franklin","WR","6","1.0000",73,214,0,0,4.37,0,0,0,0,34.5,0,0,4,"Missouri","6(105)","6",105,0,0
"2220",2008,"Pierre Garcon","Pierre","Garcon","WR","5","11.8750",71.875,210,31.125,9.5,4.42,2.56,1.5,4.19,6.9,36.5,125,20,6,"Mount Union","39(205)","39",205,0,0
"2234",2008,"Ryan Grice-Mullen","Ryan","Grice-Mullen","WR","5","10.0000",70,187,0,0,4.53,0,0,4.16,0,27.5,118,17,0,"","","0",0,0,0
"2240",2008,"D.J. Hall","D.J.","Hall","WR","6","2.0000",74,193,0,0,4.54,0,0,0,0,29.5,122,0,0,"","","0",0,0,0
"2241",2008,"James Hardy","James","Hardy","WR","6","6.0000",78,217,0,0,4.45,0,0,4.2,0,31.5,125,18,2,"Indiana","10(41)","10",41,0,0
"2242",2008,"Justin Harper","Justin","Harper","WR","6","4.0000",76,213,0,0,4.56,0,0,4.43,0,28.5,120,0,7,"Virginia Tech","8(215)","8",215,0,0
"2247",2008,"Lavelle Hawkins","Lavelle","Hawkins","WR","5","11.0000",71,187,0,0,4.57,0,0,0,0,0,117,14,4,"California","27(126)","27",126,0,0
"2254",2008,"Marcus Henry","Marcus","Henry","WR","6","4.0000",76,207,0,0,4.55,0,0,4.3,0,31.5,126,0,6,"Kansas","5(171)","5",171,0,0
"2262",2008,"Paul Hubbard","Paul","Hubbard","WR","6","3.0000",75,221,0,0,4.49,0,0,0,0,29.5,126,0,6,"Wisconsin","25(191)","25",191,0,0
"2266",2008,"DeSean Jackson","DeSean","Jackson","WR","5","10.0000",70,169,0,0,4.35,2.52,1.53,4.19,6.82,34.5,120,0,2,"California","18(49)","18",49,0,0
"2267",2008,"Dexter Jackson","Dexter","Jackson","WR","5","10.0000",70,182,0,0,4.33,0,0,4.38,0,29.5,122,0,2,"Appalachian State","27(58)","27",58,0,0
"2272",2008,"Jaymar Johnson","Jaymar","Johnson","WR","5","11.0000",71,177,0,0,4.5,0,0,4.18,0,32,118,14,6,"Jackson State","27(193)","27",193,0,0
"2274",2008,"Steve Johnson","Steve","Johnson","WR","6","2.0000",74,210,0,0,4.58,0,0,4.26,0,32.5,121,0,7,"Kentucky","17(224)","17",224,0,0
"2297",2008,"Mario Manningham","Mario","Manningham","WR","6","1.0000",73,181,0,0,4.59,0,0,4.27,0,32,117,16,3,"Michigan","32(95)","32",95,0,0
"2301",2008,"Shaheer McBride","Shaheer","McBride","WR","6","2.0000",74,205,0,0,4.61,0,0,4.48,0,29,112,0,0,"","","0",0,0,0
"2311",2008,"Marcus Monk","Marcus","Monk","WR","6","4.0000",76,222,0,0,4.56,2.68,1.6,4.3,7.08,34.5,119,9,7,"Arkansas","41(248)","41",248,0,0
"2314",2008,"Kenneth Moore","Kenneth","Moore","WR","5","11.0000",71,195,0,0,4.47,0,0,4.3,0,28,120,0,5,"Wake Forest","1(136)","1",136,0,0
"2319",2008,"Jordy Nelson","Jordy","Nelson","WR","6","3.0000",75,217,32.5,10,4.51,2.59,1.5,4.35,7.03,31,123,0,2,"Kansas State","5(36)","5",36,0,0
"2337",2008,"Darius Reynaud","Darius","Reynaud","WR","5","9.0000",69,201,0,0,4.48,0,0,4.32,0,34.5,130,20,0,"","","0",0,0,0
"2343",2008,"Jason Rivers","Jason","Rivers","WR","6","1.0000",73,200,0,0,4.59,0,0,4.32,0,30,118,0,0,"","","0",0,0,0
"2345",2008,"Kevin Robinson","Kevin","Robinson","WR","6","1.0000",73,202,0,0,4.69,0,0,4.77,0,27.5,115,0,6,"Utah State","16(182)","16",182,0,0
"2348",2008,"Eddie Royal","Eddie","Royal","WR","5","10.0000",70,184,0,0,4.39,0,0,4.34,0,36,124,24,2,"Virginia Tech","11(42)","11",42,0,0
"2357",2008,"Arman Shields","Arman","Shields","WR","6","1.0000",73,194,0,0,4.37,0,0,3.96,0,37.5,128,19,4,"Richmond","26(125)","26",125,0,0
"2360",2008,"Jerome Simpson","Jerome","Simpson","WR","6","2.0000",74,199,0,0,4.42,2.57,1.47,4.52,7.08,37.5,136,0,2,"Coastal Carolina","15(46)","15",46,0,0
"2366",2008,"Marcus Smith","Marcus","Smith","WR","6","2.0000",74,221,0,0,4.51,0,0,4.42,0,26.5,111,20,4,"New Mexico","7(106)","7",106,11,0
"2368",2008,"Taj Smith","Taj","Smith","WR","6","1.0000",73,187,0,0,4.59,0,0,4.5,0,35,119,0,0,"","","0",0,0,0
"2376",2008,"Limas Sweed","Limas","Sweed","WR","6","4.0000",76,215,0,0,4.48,0,0,0,0,35,0,0,2,"Texas","22(53)","22",53,0,0
"2381",2008,"Devin Thomas","Devin","Thomas","WR","6","2.0000",74,215,0,0,4.4,0,0,4.26,0,28,126,0,2,"Michigan State","3(34)","3",34,0,0
"2389",2008,"Mario Urrutia","Mario","Urrutia","WR","6","6.0000",78,232,0,0,4.59,0,0,4.44,0,30,115,0,7,"Louisville","39(246)","39",246,0,0
"2417",2007,"Aundrae Allison","Aundrae","Allison","WR","6","1.0000",73,198,31.5,9,4.39,2.46,1.43,4.25,6.81,37,127,0,5,"East Carolina","9(146)","9",146,0,0
"2424",2007,"Dallas Baker","Dallas","Baker","WR","6","3.0000",75,208,35.875,9.875,4.53,2.62,1.53,4.19,6.69,36,129,14,7,"Florida","17(227)","17",227,0,0
"2439",2007,"Dwayne Bowe","Dwayne","Bowe","WR","6","2.0000",74,221,33.625,9.875,4.51,2.65,1.53,4.35,6.81,33,125,0,1,"LSU","23(23)","23",23,0,0
"2444",2007,"Steve Breaston","Steve","Breaston","WR","6","1.0000",73,193,0,0,4.46,0,0,4.29,0,33,124,0,5,"Michigan","5(142)","5",142,0,0
"2456",2007,"David Clowney","David","Clowney","WR","6","1.0000",73,188,0,0,4.36,0,0,4.15,0,32.5,123,0,5,"Virginia Tech","20(157)","20",157,0,0
"2462",2007,"Jemalle Cornelius","Jemalle","Cornelius","WR","5","11.0000",71,184,0,0,4.57,0,0,4.3,0,34.5,123,0,0,"","","0",0,0,0
"2471",2007,"Chris Davis","Chris","Davis","WR","5","10.0000",70,181,0,0,4.5,0,0,4.14,0,35.5,115,0,4,"Florida State","29(128)","29",128,0,0
"2480",2007,"Aaron Fairooz","Aaron","Fairooz","WR","6","6.0000",78,209,0,0,4.49,0,0,4.27,0,36,125,0,0,"","","0",0,0,0
"2481",2007,"Yamon Figurs","Yamon","Figurs","WR","5","11.0000",71,174,0,0,4.3,0,0,4.21,0,0,123,0,3,"Kansas State","10(74)","10",74,0,0
"2482",2007,"Joel Filani","Joel","Filani","WR","6","2.0000",74,211,0,0,4.57,0,0,0,0,32.5,117,17,6,"Texas Tech","14(188)","14",188,0,0
"2492",2007,"Anthony Gonzalez","Anthony","Gonzalez","WR","6","1.0000",73,193,31.25,9.125,4.44,2.58,1.48,4.08,6.54,38,123,16,1,"Ohio State","32(32)","32",32,0,0
"2510",2007,"Jarrett Hicks","Jarrett","Hicks","WR","6","3.0000",75,210,0,0,4.67,0,0,0,0,34.5,120,0,0,"","","0",0,0,0
"2511",2007,"JohnnieLee Higgins","JohnnieLee","Higgins","WR","6","1.0000",73,186,0,0,4.48,0,0,4.32,0,36.5,122,0,0,"","","0",0,0,0
"2512",2007,"Jason Hill","Jason","Hill","WR","6","1.0000",73,204,32.25,9.25,4.32,2.5,1.49,4.22,7.02,37,123,11,3,"Washington State","12(76)","12",76,0,0
"2514",2007,"Johnathan Holland","Johnathan","Holland","WR","6","1.0000",73,195,0,0,4.45,0,0,4.4,0,35.5,120,15,7,"Louisiana Tech","44(254)","44",254,0,0
"2524",2007,"Drisan James","Drisan","James","WR","6","1.0000",73,193,0,0,4.52,0,0,4.39,0,39,126,14,0,"","","0",0,0,0
"2526",2007,"Calvin Johnson","Calvin","Johnson","WR","6","5.0000",77,239,33.375,9.25,4.35,2.53,1.52,0,0,42.5,139,0,1,"Georgia Tech","2(2)","2",2,0,0
"2531",2007,"Jacoby Jones","Jacoby","Jones","WR","6","3.0000",75,210,0,7.5,4.5,2.66,1.65,4.31,7.03,34,129,0,3,"Lane","9(73)","9",73,0,0
"2532",2007,"James Jones","James","Jones","WR","6","1.0000",73,207,0,0,4.54,0,0,4.2,0,34,119,22,3,"San Jose State","14(78)","14",78,0,0
"2552",2007,"Marquay McDaniel","Marquay","McDaniel","WR","5","11.0000",71,205,0,0,4.52,0,0,4.35,0,33.5,114,19,0,"","","0",0,0,0
"2554",2007,"Robert Meachem","Robert","Meachem","WR","6","2.0000",74,214,0,0,4.39,2.49,1.51,4.31,6.97,37.5,121,0,1,"Tennessee","27(27)","27",27,0,0
"2561",2007,"Ryan Moore","Ryan","Moore","WR","6","2.0000",74,217,0,0,4.54,0,0,4.35,0,32,110,0,0,"","","0",0,0,0
"2567",2007,"Legedu Naanee","Legedu","Naanee","WR","6","2.0000",74,225,0,0,4.41,0,0,0,0,40,119,19,5,"Boise State","35(172)","35",172,0,0
"2572",2007,"Syvelle Newton","Syvelle","Newton","WR","6","1.0000",73,218,0,0,4.64,0,0,0,0,0,0,20,0,"","","0",0,0,0
"2597",2007,"Jerard Rabb","Jerard","Rabb","WR","6","3.0000",75,201,0,0,4.58,2.65,1.56,4.19,6.99,36.5,125,0,0,"","","0",0,0,0
"2599",2007,"Sidney Rice","Sidney","Rice","WR","6","4.0000",76,200,0,0,4.51,2.59,1.47,4.34,7.09,39.5,119,0,2,"South Carolina","12(44)","12",44,0,0
"2602",2007,"Laurent Robinson","Laurent","Robinson","WR","6","2.0000",74,199,32.25,9,4.38,2.5,1.46,4.28,6.83,39,127,19,3,"Illinois State","11(75)","11",75,0,0
"2603",2007,"Ryne Robinson","Ryne","Robinson","WR","5","9.0000",69,179,0,0,4.47,0,0,4.21,0,35,123,0,4,"Miami (OH)","19(118)","19",118,0,0
"2626",2007,"Steve Smith","Steve","Smith","WR","6","1.0000",73,197,0,0,4.44,2.52,1.46,4.19,6.68,38,120,0,2,"USC","19(51)","19",51,0,0
"2634",2007,"Syndric Steptoe","Syndric","Steptoe","WR","5","9.0000",69,194,0,0,4.59,0,0,0,0,33,0,17,7,"Arizona","24(234)","24",234,0,0
"2637",2007,"Chansi Stuckey","Chansi","Stuckey","WR","5","11.0000",71,197,0,0,4.56,0,0,4.14,0,35,120,0,7,"Clemson","25(235)","25",235,0,0
"2639",2007,"Jayson Swain","Jayson","Swain","WR","6","1.0000",73,212,0,0,4.63,0,0,0,0,33,0,0,0,"","","0",0,0,0
"2641",2007,"Courtney Taylor","Courtney","Taylor","WR","6","2.0000",74,204,32.125,9.75,4.5,2.59,1.53,4.28,7.22,36,122,0,6,"Auburn","23(197)","23",197,0,0
"2650",2007,"Matt Trannon","Matt","Trannon","WR","6","6.0000",78,216,0,0,4.57,0,0,4.34,0,36.5,118,13,0,"","","0",0,0,0
"2658",2007,"Mike Walker","Mike","Walker","WR","6","2.0000",74,209,0,0,4.35,0,0,4.39,0,36.5,121,18,3,"UCF","15(79)","15",79,0,0
"2664",2007,"Chandler Williams","Chandler","Williams","WR","5","11.0000",71,184,0,0,4.42,0,0,4.29,0,32.5,123,0,7,"Florida International","23(233)","23",233,0,0
"2666",2007,"Paul Williams","Paul","Williams","WR","6","1.0000",73,205,35,10.125,4.45,2.62,1.61,4.24,7.03,38.5,125,0,3,"Fresno State","16(80)","16",80,0,0
"2672",2007,"DJuan Woods","DJuan","Woods","WR","6","1.0000",73,208,0,0,4.58,0,0,4.34,0,36.5,120,0,0,"","","0",0,0,0
"2686",2006,"David Anderson","David","Anderson","WR","5","11.0000",71,192,0,0,4.57,0,0,4.21,0,34,116,0,7,"Colorado State","43(251)","43",251,0,0
"2691",2006,"Devin Aromashodu","Devin","Aromashodu","WR","6","3.0000",75,201,0,0,4.35,0,0,4.17,0,39,120,0,7,"Auburn","25(233)","25",233,0,0
"2692",2006,"Miles Austin","Miles","Austin","WR","6","2.0000",74,215,0,0,4.47,0,0,4.14,0,40.5,123,0,0,"","","0",0,0,0
"2694",2006,"Hank Baskett","Hank","Baskett","WR","6","3.0000",75,224,0,0,4.5,0,0,4.22,0,35,119,0,0,"","","0",0,0,0
"2699",2006,"Damarius Bilbo","Damarius","Bilbo","WR","6","2.0000",74,214,0,0,4.7,0,0,4.21,0,36.5,115,0,0,"","","0",0,0,0
"2702",2006,"Jeremy Bloom","Jeremy","Bloom","WR","5","9.0000",69,173,0,0,4.49,0,0,0,0,0,0,0,5,"Colorado","14(147)","14",147,0,0
"2705",2006,"Jovon Bouknight","Jovon","Bouknight","WR","6","2.0000",74,195,0,0,4.71,0,0,4.05,0,34,120,0,0,"","","0",0,0,0
"2715",2006,"Jason Carter","Jason","Carter","WR","6","1.0000",73,211,0,0,4.6,0,0,4.22,0,33,116,0,0,"","","0",0,0,0
"2721",2006,"Marques Colston","Marques","Colston","WR","6","5.0000",77,224,33.375,9.625,4.5,2.65,1.6,4.44,6.96,37,123,0,7,"Hofstra","44(252)","44",252,0,0
"2733",2006,"Chris Denney","Chris","Denney","WR","6","3.0000",75,224,0,0,4.65,0,0,4.36,0,33,110,0,0,"","","0",0,0,0
"2754",2006,"Skyler Green","Skyler","Green","WR","5","9.0000",69,192,0,0,4.53,0,0,0,0,34,118,0,4,"LSU","28(125)","28",125,0,0
"2758",2006,"Derek Hagan","Derek","Hagan","WR","6","2.0000",74,208,30,9,4.45,2.59,1.5,4.07,0,36,124,15,3,"Arizona State","18(82)","18",82,0,0
"2761",2006,"Chris Hannon","Chris","Hannon","WR","6","3.0000",75,205,0,0,4.48,0,0,0,0,34.5,122,0,0,"","","0",0,0,0
"2766",2006,"Mike Hass","Mike","Hass","WR","6","1.0000",73,208,0,0,4.59,0,0,4.15,0,32,116,0,6,"Oregon State","2(171)","2",171,0,0
"2774",2006,"Devin Hester","Devin","Hester","WR","5","11.0000",71,190,0,0,4.41,2.59,1.54,4.2,6.78,38,124,16,2,"Miami (FL)","25(57)","25",57,0,0
"2776",2006,"Ed Hinkel","Ed","Hinkel","WR","6","1.0000",73,190,0,0,4.54,0,0,4.1,0,34,116,0,0,"","","0",0,0,0
"2778",2006,"Santonio Holmes","Santonio","Holmes","WR","5","10.6250",70.625,188,32,9.625,4.35,0,0,4.26,6.82,38,126,0,1,"Ohio State","25(25)","25",25,0,0
"2786",2006,"Chad Jackson","Chad","Jackson","WR","6","1.0000",73,213,0,0,4.32,0,0,4.03,0,38.5,122,0,2,"Florida","4(36)","4",36,0,0
"2793",2006,"Adam Jennings","Adam","Jennings","WR","5","9.0000",69,181,0,0,4.44,0,0,4.16,0,37.5,118,0,6,"Fresno State","15(184)","15",184,0,0
"2794",2006,"Greg Jennings","Greg","Jennings","WR","5","11.0000",71,197,30,9,4.42,2.6,1.57,4.18,6.69,36.5,117,0,2,"Western Michigan","20(52)","20",52,0,0
"2814",2006,"Greg Lee","Greg","Lee","WR","6","2.0000",74,201,0,0,4.59,0,0,4.11,0,35.5,114,0,0,"","","0",0,0,0
"2825",2006,"Brandon Marshall","Brandon","Marshall","WR","6","5.0000",77,229,0,0,4.52,2.71,1.6,4.31,6.96,37,120,0,4,"UCF","22(119)","22",119,0,0
"2848",2006,"Anthony Mix","Anthony","Mix","WR","6","4.0000",76,235,0,0,4.48,0,0,0,0,31.5,111,0,0,"","","0",0,0,0
"2851",2006,"Sinorice Moss","Sinorice","Moss","WR","5","8.0000",68,185,0,0,4.38,2.53,1.48,0,0,42,123,0,2,"Miami (FL)","12(44)","12",44,0,0
"2852",2006,"Martin Nance","Martin","Nance","WR","6","4.0000",76,213,0,0,4.55,0,0,4.09,0,33.5,112,0,0,"","","0",0,0,0
"2861",2006,"Ben Obomanu","Ben","Obomanu","WR","6","1.0000",73,205,33,9,4.43,0,0,0,0,39.5,0,0,7,"Auburn","41(249)","41",249,0,0
"2862",2006,"Ben Obomanu","Ben","Obomanu","WR","6","1.0000",73,205,33,9,4.45,2.7,1.64,4.23,7.18,38,116,0,7,"Auburn","41(249)","41",249,0,0
"2867",2006,"Jonathan Orr","Jonathan","Orr","WR","6","2.0000",74,198,34,9.625,4.44,2.63,1.57,4.16,7.31,35.5,119,0,6,"Wisconsin","3(172)","3",172,0,0
"2883",2006,"Willie Reid","Willie","Reid","WR","5","11.0000",71,188,0,0,4.34,0,0,4.26,0,37.5,117,0,3,"Florida State","31(95)","31",95,0,0
"2886",2006,"Cory Rodgers","Cory","Rodgers","WR","6","1.0000",73,188,0,0,4.58,0,0,4.19,0,33.5,110,0,4,"TCU","7(104)","7",104,0,0
"2891",2006,"Richie Ross","Richie","Ross","WR","6","4.0000",76,209,0,0,4.61,0,0,4.31,0,37,120,0,0,"","","0",0,0,0
"2909",2006,"Clinton Solomon","Clinton","Solomon","WR","6","3.0000",75,214,0,0,4.58,0,0,4.48,0,33,114,0,0,"","","0",0,0,0
"2915",2006,"Maurice Stovall","Maurice","Stovall","WR","6","5.0000",77,217,0,0,4.57,2.69,1.6,4.16,6.81,35,122,0,3,"Notre Dame","26(90)","26",90,0,0
"2930",2006,"Delanie Walker","Delanie","Walker","WR","6","1.0000",73,240,0,0,4.49,0,0,0,0,36.5,118,0,6,"Central Missouri State","6(175)","6",175,0,0
"2936",2006,"Todd Watkins","Todd","Watkins","WR","6","3.0000",75,202,0,0,4.4,0,0,4.25,0,37,118,0,7,"Brigham Young","10(218)","10",218,0,0
"2939",2006,"Jeff Webb","Jeff","Webb","WR","6","2.1250",74.125,211,33,8,4.4,2.61,1.51,4.08,6.81,37,126,0,6,"San Diego State","21(190)","21",190,0,0
"2948",2006,"Brandon Williams","Brandon","Williams","WR","5","10.0000",70,179,0,0,4.48,0,0,4.09,0,34.5,115,0,3,"Wisconsin","20(84)","20",84,0,0
"2954",2006,"Travis Wilson","Travis","Wilson","WR","6","2.0000",74,214,0,0,4.47,0,0,4.03,0,36.5,120,0,3,"Oklahoma","14(78)","14",78,0,0
"2986",2005,"Larry Brackins","Larry","Brackins","WR","6","5.0000",77,205,0,0,4.58,0,0,4.44,0,35,112,0,5,"Pearl River (JC)","19(155)","19",155,0,0
"2987",2005,"Mark Bradley","Mark","Bradley","WR","6","2.0000",74,201,31.375,8.875,4.37,2.6,1.54,4.02,6.96,39.5,128,0,2,"Oklahoma","7(39)","7",39,0,0
"2988",2005,"Craig Bragg","Craig","Bragg","WR","6","1.0000",73,196,32,9,4.46,2.66,1.6,0,0,36,122,0,6,"UCLA","21(195)","21",195,0,0
"2995",2005,"Reggie Brown","Reggie","Brown","WR","6","2.0000",74,196,0,0,4.45,0,0,4,0,41.5,128,0,2,"Georgia","3(35)","3",35,0,0
"3013",2005,"Mark Clayton","Mark","Clayton","WR","5","11.0000",71,193,30.625,9.125,4.41,2.64,1.53,4.07,6.95,36.5,118,0,1,"Oklahoma","22(22)","22",22,0,0
"3026",2005,"Airese Currie","Airese","Currie","WR","5","11.0000",71,186,0,0,4.49,0,0,4.07,0,38,125,0,5,"Clemson","4(140)","4",140,0,0
"3034",2005,"Josh Davis","Josh","Davis","WR","6","1.0000",73,191,0,0,4.52,0,0,4.24,0,37.5,118,0,0,"","","0",0,0,0
"3041",2005,"Braylon Edwards","Braylon","Edwards","WR","6","3.0000",75,210,0,0,4.45,0,0,0,0,0,0,22,1,"Michigan","3(3)","3",3,0,0
"3057",2005,"Charles Frederick","Charles","Frederick","WR","5","11.0000",71,194,0,0,4.78,0,0,4.35,0,33,108,0,0,"","","0",0,0,0
"3063",2005,"Fred Gibson","Fred","Gibson","WR","6","4.0000",76,196,0,0,4.55,0,0,4.14,0,38.5,126,0,4,"Georgia","30(131)","30",131,0,0
"3064",2005,"Howard Gilmore","Howard","Gilmore","WR","6","1.0000",73,194,0,0,4.71,0,0,4.49,0,36,113,0,0,"","","0",0,0,0
"3079",2005,"Reggie Harrell","Reggie","Harrell","WR","6","3.0000",75,214,0,0,4.58,0,0,4.13,0,35,115,0,0,"","","0",0,0,0
"3087",2005,"Chris Henry","Chris","Henry","WR","6","4.0000",76,197,0,0,4.5,0,0,0,0,0,0,0,3,"West Virginia","19(83)","19",83,0,0
"3089",2005,"Efrem Hill","Efrem","Hill","WR","6","1.0000",73,179,0,0,4.58,0,0,4.07,0,37.5,124,0,0,"","","0",0,0,0
"3102",2005,"Vincent Jackson","Vincent","Jackson","WR","6","5.0000",77,241,32,9.625,4.46,2.63,1.57,4,6.84,39,129,23,2,"Northern Colorado","29(61)","29",61,0,0
"3109",2005,"Brandon Jones","Brandon","Jones","WR","6","2.0000",74,208,0,0,4.42,0,0,4.1,0,37,114,0,3,"Oklahoma","32(96)","32",96,0,0
"3125",2005,"Chase Lyman","Chase","Lyman","WR","6","3.0000",75,217,0,0,4.5,2.64,1.56,0,0,36.5,115,16,4,"California","17(118)","17",118,0,0
"3127",2005,"Tony Madison","Tony","Madison","WR","6","2.0000",74,214,0,0,4.52,0,0,4.31,0,39,121,0,0,"","","0",0,0,0
"3129",2005,"Tommy Manus","Tommy","Manus","WR","6","4.0000",76,222,0,0,4.55,2.68,1.6,4.34,7.21,38,120,0,0,"","","0",0,0,0
"3131",2005,"Jerome Mathis","Jerome","Mathis","WR","5","11.0000",71,181,0,0,4.26,0,0,0,0,35.5,123,0,4,"Hampton","13(114)","13",114,0,0
"3132",2005,"Leron McCoy","Leron","McCoy","WR","6","2.0000",74,211,33,9.375,4.4,2.62,1.56,4.22,7.19,37,120,0,7,"Indiana (PA)","12(226)","12",226,0,0
"3152",2005,"Terrence Murphy","Terrence","Murphy","WR","6","1.0000",73,202,0,0,4.39,2.62,1.57,3.91,7.02,41,128,0,2,"Texas A&M","26(58)","26",58,0,0
"3160",2005,"Chad Owens","Chad","Owens","WR","5","8.0000",68,183,0,0,4.62,0,0,3.95,0,37,116,23,6,"Hawaii","11(185)","11",185,0,0
"3162",2005,"Roscoe Parrish","Roscoe","Parrish","WR","5","10.0000",70,170,0,0,4.37,2.54,1.56,4.2,6.64,36,126,10,2,"Miami (FL)","23(55)","23",55,0,0
"3168",2005,"Tab Perry","Tab","Perry","WR","6","3.0000",75,219,0,0,4.46,0,0,0,0,34,116,0,6,"UCLA","16(190)","16",190,0,0
"3177",2005,"Jamaica Rector","Jamaica","Rector","WR","5","10.0000",70,186,0,0,4.47,0,0,4.14,0,36.5,122,17,0,"","","0",0,0,0
"3182",2005,"Dante Ridgeway","Dante","Ridgeway","WR","5","11.0000",71,212,0,0,4.57,0,0,4.39,0,33,117,0,6,"Ball State","18(192)","18",192,0,0
"3186",2005,"Courtney Roby","Courtney","Roby","WR","6","1.0000",73,189,0,0,4.41,0,0,4,0,36.5,126,0,3,"Indiana","4(68)","4",68,0,0
"3193",2005,"J.R. Russell","J.R.","Russell","WR","6","3.0000",75,206,0,0,4.56,0,0,0,0,34.5,0,0,7,"Louisville","39(253)","39",253,0,0
"3195",2005,"Steve Savoy","Steve","Savoy","WR","5","11.0000",71,182,0,0,4.62,0,0,0,0,0,0,0,0,"","","0",0,0,0
"3199",2005,"Dan Sheldon","Dan","Sheldon","WR","5","9.0000",69,179,0,0,4.43,0,0,0,0,0,0,0,0,"","","0",0,0,0
"3212",2005,"Chauncey Stovall","Chauncey","Stovall","WR","6","1.0000",73,221,0,0,4.62,0,0,0,0,0,0,0,0,"","","0",0,0,0
"3226",2005,"Paris Warren","Paris","Warren","WR","6","1.0000",73,213,0,0,4.71,0,0,0,0,31.5,0,0,7,"Utah","11(225)","11",225,0,0
"3238",2005,"Mike Williams","Mike","Williams","WR","6","5.0000",77,229,0,0,4.56,2.7,1.66,4.23,6.98,36.5,123,0,1,"USC","10(10)","10",10,0,0
"3239",2005,"Troy Williamson","Troy","Williamson","WR","6","2.0000",74,203,0,0,4.32,0,0,4.18,0,37,0,0,1,"South Carolina","7(7)","7",7,0,0
"3245",2004,"Derek Abney","Derek","Abney","WR","5","9.0000",69,179,0,0,4.58,0,0,4.09,0,33.5,120,0,7,"Kentucky","43(244)","43",244,0,0
"3260",2004,"Bernard Berrian","Bernard","Berrian","WR","6","1.0000",73,183,0,0,4.58,0,0,4.21,0,38,128,0,3,"Fresno State","15(78)","15",78,0,0
"3267",2004,"Maurice Brown","Maurice","Brown","WR","6","1.0000",73,219,0,0,4.56,0,0,4.25,0,33,117,0,0,"","","0",0,0,0
"3287",2004,"Michael Clayton","Michael","Clayton","WR","6","3.0000",75,209,0,0,4.67,0,0,4.15,0,32.5,116,0,1,"LSU","15(15)","15",15,0,0
"3292",2004,"Chris Collins","Chris","Collins","WR","6","1.0000",73,201,0,0,4.69,0,0,0,0,35,112,0,0,"","","0",0,0,0
"3295",2004,"Terrance Copper","Terrance","Copper","WR","6","1.0000",73,204,0,0,4.53,0,0,4.33,0,35.5,116,0,0,"","","0",0,0,0
"3297",2004,"Jerricho Cotchery","Jerricho","Cotchery","WR","6","1.0000",73,212,0,0,4.54,2.68,1.59,3.92,6.95,36,121,0,4,"North Carolina State","12(108)","12",108,0,0
"3300",2004,"Tom Crowder","Tom","Crowder","WR","6","1.0000",73,183,0,0,4.45,0,0,3.93,6.53,38.5,132,0,0,"","","0",0,0,0
"3302",2004,"Lane Danielson","Lane","Danielson","WR","6","1.0000",73,197,0,0,4.6,0,0,4.07,0,31,117,0,0,"","","0",0,0,0
"3304",2004,"Devard Darling","Devard","Darling","WR","6","1.0000",73,212,32,9.625,4.52,2.68,1.59,4.27,7.39,37,129,0,3,"Washington State","19(82)","19",82,0,0
"3321",2004,"Lee Evans","Lee","Evans","WR","5","11.0000",71,197,0,0,4.39,0,0,0,0,34.5,120,0,1,"Wisconsin","13(13)","13",13,0,0
"3324",2004,"Larry Fitzgerald","Larry","Fitzgerald","WR","6","2.8750",74.875,225,0,10.5,4.48,0,0,4.28,6.94,38,0,0,1,"Pittsburgh","3(3)","3",3,0,0
"3329",2004,"Carlos Francis","Carlos","Francis","WR","5","9.0000",69,198,0,0,4.33,0,0,4.06,0,38.5,114,0,4,"Texas Tech","3(99)","3",99,0,0
"3338",2004,"D.J. Hackett","D.J.","Hackett","WR","6","3.0000",75,199,0,0,4.53,0,0,4.1,0,41,131,0,5,"Colorado","25(157)","25",157,0,0
"3356",2004,"Justin Jenkins","Justin","Jenkins","WR","6","1.0000",73,210,0,0,4.6,0,0,4.16,0,35,123,0,0,"","","0",0,0,0
"3361",2004,"Tony Johnson","Tony","Johnson","WR","5","11.0000",71,202,0,0,4.61,2.73,1.66,4.26,7.16,32.5,118,0,0,"","","0",0,0,0
"3386",2004,"Triandos Luke","Triandos","Luke","WR","5","11.0000",71,191,0,0,4.51,0,0,4.17,0,38,124,0,6,"Alabama","6(171)","6",171,0,0
"3387",2004,"Maurice Mann","Maurice","Mann","WR","6","2.0000",74,191,0,0,4.57,0,0,0,0,34,118,0,5,"Nevada","17(149)","17",149,0,0
"3390",2004,"Derek McCoy","Derek","McCoy","WR","6","3.0000",75,210,0,0,4.73,0,0,4.13,0,38,128,0,0,"","","0",0,0,0
"3394",2004,"Jeris McIntyre","Jeris","McIntyre","WR","5","11.0000",71,201,0,0,4.46,0,0,4.18,0,29,112,0,6,"Auburn","30(195)","30",195,0,0
"3398",2004,"Clarence Moore","Clarence","Moore","WR","6","6.0000",78,211,0,0,4.55,0,0,4.21,0,34,122,0,6,"Northern Arizona","34(199)","34",199,0,0
"3400",2004,"Johnnie Morant","Johnnie","Morant","WR","6","4.0000",76,229,34.375,9.375,4.51,2.66,1.63,4.26,7.35,41,130,0,5,"Syracuse","2(134)","2",134,0,0
"3402",2004,"James Newson","James","Newson","WR","6","1.0000",73,213,0,0,4.76,0,0,0,0,31.5,116,0,0,"","","0",0,0,0
"3410",2004,"Samie Parker","Samie","Parker","WR","5","11.0000",71,176,0,0,4.39,0,0,0,0,36,0,0,4,"Oregon","9(105)","9",105,0,0
"3440",2004,"P.K. Sam","P.K.","Sam","WR","6","4.0000",76,210,0,0,4.54,0,0,0,0,34.5,0,0,5,"Florida State","32(164)","32",164,0,0
"3457",2004,"Freddie Smith","Freddie","Smith","WR","5","10.0000",70,194,0,0,4.79,0,0,4.4,0,32.5,114,0,0,"","","0",0,0,0
"3464",2004,"John Standeford","John","Standeford","WR","6","3.0000",75,195,0,0,4.6,0,0,4.11,0,32.5,113,0,0,"","","0",0,0,0
"3467",2004,"Kendrick Starling","Kendrick","Starling","WR","6","1.0000",73,193,0,0,4.49,0,0,3.88,0,31.5,119,0,0,"","","0",0,0,0
"3479",2004,"Andrae Thurman","Andrae","Thurman","WR","5","11.0000",71,192,0,0,4.54,0,0,4.33,0,34.5,121,0,0,"","","0",0,0,0
"3498",2004,"Ernest Wilford","Ernest","Wilford","WR","6","4.0000",76,226,0,0,4.79,0,0,4.19,0,40.5,130,0,4,"Virginia Tech","24(120)","24",120,0,0
"3507",2004,"George Wilson","George","Wilson","WR","6","1.0000",73,213,0,0,4.63,2.71,1.61,3.98,7.07,35,120,0,0,"","","0",0,0,0
"3516",2004,"Rashaun Woods","Rashaun","Woods","WR","6","2.0000",74,202,0,0,4.47,0,0,4.05,0,39,125,0,1,"Oklahoma State","31(31)","31",31,0,0
"3522",2003,"Sam Aiken","Sam","Aiken","WR","6","2.0000",74,209,0,0,4.59,0,0,0,0,39.5,121,0,4,"North Carolina","30(127)","30",127,0,0
"3532",2003,"Arnaz Battle","Arnaz","Battle","WR","6","1.0000",73,217,0,0,4.58,2.74,1.63,4.06,6.74,35,117,0,6,"Notre Dame","24(197)","24",197,0,0
"3534",2003,"Ronald Bellamy","Ronald","Bellamy","WR","6","1.0000",73,208,0,0,4.57,0,0,4.1,0,30.5,119,0,0,"","","0",0,0,0
"3538",2003,"Anquan Boldin","Anquan","Boldin","WR","6","1.0000",73,216,0,0,4.72,2.77,1.61,4.33,7.35,33.5,114,0,2,"Florida State","22(54)","22",54,0,0
"3548",2003,"Nate Burleson","Nate","Burleson","WR","6","1.0000",73,197,0,0,4.51,0,0,4.16,0,42.5,126,0,3,"Nevada","7(71)","7",71,0,0
"3551",2003,"Tyrone Calico","Tyrone","Calico","WR","6","4.0000",76,223,0,0,4.34,2.62,1.63,4.26,6.73,38,127,0,2,"Middle Tennessee State","28(60)","28",60,0,0
"3562",2003,"Kevin Curtis","Kevin","Curtis","WR","5","11.0000",71,186,0,0,4.42,0,0,3.99,0,36,122,0,3,"Utah State","10(74)","10",74,0,0
"3574",2003,"LaTarence Dunbar","LaTarence","Dunbar","WR","5","11.0000",71,196,0,0,4.52,0,0,4.35,0,34,122,0,6,"TCU","23(196)","23",196,0,0
"3584",2003,"Doug Gabriel","Doug","Gabriel","WR","6","2.0000",74,213,0,0,4.52,0,0,4.16,0,35.5,116,0,5,"UCF","32(167)","32",167,0,0
"3586",2003,"Talman Gardner","Talman","Gardner","WR","6","1.0000",73,205,0,0,4.44,0,0,4.43,0,34.5,116,0,7,"Florida State","17(231)","17",231,0,0
"3608",2003,"Ryan Hoag","Ryan","Hoag","WR","6","2.0000",74,200,0,0,4.51,0,0,3.95,0,38,125,0,7,"Gustavus Adolphus","48(262)","48",262,0,0
"3613",2003,"Keenan Howry","Keenan","Howry","WR","5","10.0000",70,178,0,0,4.56,0,0,4.28,0,31.5,114,0,7,"Oregon","7(221)","7",221,0,0
"3619",2003,"Andre Johnson","Andre","Johnson","WR","6","2.0000",74,230,0,0,4.4,0,0,4.1,0,39,132,17,1,"Miami (FL)","3(3)","3",3,0,0
"3621",2003,"Bethel Johnson","Bethel","Johnson","WR","5","11.0000",71,201,0,0,4.38,2.6,1.55,0,0,38.5,127,17,2,"Texas A&M","13(45)","13",45,0,0
"3627",2003,"Teyo Johnson","Teyo","Johnson","WR","6","6.0000",78,247,0,0,4.61,0,0,0,0,33.5,0,0,2,"Stanford","31(63)","31",63,0,0
"3633",2003,"Kareem Kelly","Kareem","Kelly","WR","6","1.0000",73,186,0,0,4.42,0,0,4.24,0,35,125,0,6,"USC","30(203)","30",203,0,0
"3650",2003,"Brandon Lloyd","Brandon","Lloyd","WR","6","1.0000",73,184,0,0,4.62,0,0,0,0,36,0,0,4,"Illinois","27(124)","27",124,0,0
"3656",2003,"Adrian Madise","Adrian","Madise","WR","6","1.0000",73,215,0,0,4.49,0,0,4.26,0,32,119,0,5,"TCU","23(158)","23",158,0,0
"3658",2003,"Reno Mahe","Reno","Mahe","WR","5","9.0000",69,198,0,0,4.68,0,0,4.23,0,32,109,0,0,"","","0",0,0,0
"3687",2003,"Kassim Osgood","Kassim","Osgood","WR","6","5.0000",77,208,0,0,4.68,0,0,4.44,0,31,122,0,0,"","","0",0,0,0
"3745",2003,"J.R. Tolver","J.R.","Tolver","WR","6","1.0000",73,202,0,0,4.67,0,0,4.23,0,36,119,0,5,"San Diego State","34(169)","34",169,0,0
"3750",2003,"Bobby Wade","Bobby","Wade","WR","5","10.0000",70,193,0,0,4.66,0,0,4.11,0,34.5,115,0,5,"Arizona","4(139)","4",139,0,0
"3777",2003,"Walter Young","Walter","Young","WR","6","5.0000",77,214,0,0,4.54,2.63,1.58,4.25,6.9,39,121,0,7,"Illinois","12(226)","12",226,0,0
"3809",2002,"Deion Branch","Deion","Branch","WR","5","9.0000",69,191,0,0,4.47,0,0,3.76,0,36,117,0,2,"Louisville","33(65)","33",65,0,0
"3814",2002,"Antonio Bryant","Antonio","Bryant","WR","6","1.0000",73,188,0,0,4.57,0,0,0,0,37,121,0,2,"Pittsburgh","31(63)","31",63,0,0
"3818",2002,"Reche Caldwell","Reche","Caldwell","WR","6","1.0000",73,194,0,0,4.53,0,0,4.1,0,41.5,130,0,2,"Florida","16(48)","16",48,0,0
"3820",2002,"Kelly Campbell","Kelly","Campbell","WR","5","10.0000",70,171,0,0,4.48,0,0,0,0,0,0,0,0,"","","0",0,0,0
"3824",2002,"Tim Carter","Tim","Carter","WR","6","1.0000",73,190,0,0,4.32,0,0,3.93,0,39,126,0,2,"Auburn","14(46)","14",46,0,0
"3826",2002,"Terry Charles","Terry","Charles","WR","6","3.0000",75,207,0,0,4.52,2.62,1.61,4.09,7.02,36.5,122,0,5,"Portland State","7(142)","7",142,0,0
"3841",2002,"Andre Davis","Andre","Davis","WR","6","2.0000",74,194,0,0,4.42,0,0,4.1,0,39.5,123,0,2,"Virginia Tech","15(47)","15",47,0,0
"3854",2002,"RJ English","RJ","English","WR","6","2.0000",74,211,0,0,4.63,0,0,4.11,0,37.5,121,0,0,"","","0",0,0,0
"3871",2002,"Jabar Gaffney","Jabar","Gaffney","WR","6","3.0000",75,193,0,0,4.56,0,0,4.06,0,0,0,0,2,"Florida","1(33)","1",33,0,0
"3874",2002,"David Givens","David","Givens","WR","6","1.0000",73,217,0,0,4.56,0,0,4.13,0,40.5,126,0,7,"Notre Dame","42(253)","42",253,0,0
"3893",2002,"Herb Haygood","Herb","Haygood","WR","6","1.0000",73,193,0,0,4.45,0,0,4.26,0,33,114,0,5,"Michigan State","9(144)","9",144,0,0
"3904",2002,"Kahlil Hill","Kahlil","Hill","WR","6","2.0000",74,200,0,0,4.65,0,0,0,0,35,0,0,6,"Iowa","12(184)","12",184,0,0
"3909",2002,"Javin Hunter","Javin","Hunter","WR","5","11.0000",71,186,0,0,4.47,0,0,4.04,0,41,129,0,6,"Notre Dame","34(206)","34",206,0,0
"3916",2002,"Emmett Johnson","Emmett","Johnson","WR","6","2.0000",74,205,0,0,4.45,0,0,4.1,0,39,122,0,0,"","","0",0,0,0
"3918",2002,"Ron Johnson","Ron","Johnson","WR","6","3.0000",75,225,0,0,4.7,0,0,4.02,0,34.5,118,0,4,"Minnesota","25(123)","25",123,0,0
"3934",2002,"Aaron Lockett","Aaron","Lockett","WR","5","8.0000",68,155,0,0,4.31,0,0,4.11,0,35,119,0,7,"Kansas State","43(254)","43",254,0,0
"3940",2002,"Lee Mays","Lee","Mays","WR","6","1.0000",73,190,0,0,4.55,0,0,4.17,0,32.5,119,0,6,"UTEP","30(202)","30",202,0,0
"3941",2002,"Jason McAddley","Jason","McAddley","WR","6","2.0000",74,203,0,0,4.47,0,0,4.09,0,36.5,123,0,5,"Alabama","14(149)","14",149,0,0
"3953",2002,"Freddie Milons","Freddie","Milons","WR","5","10.0000",70,190,0,0,4.51,0,0,0,0,33.5,114,0,5,"Alabama","27(162)","27",162,0,0
"3966",2002,"Kendall Newson","Kendall","Newson","WR","6","2.0000",74,200,0,0,4.69,0,0,4.27,0,33.5,117,0,7,"Middle Tennessee State","11(222)","11",222,0,0
"3982",2002,"Brian Poli-Dixon","Brian","Poli-Dixon","WR","6","5.0000",77,210,0,0,4.48,2.62,1.63,0,0,0,0,0,0,"","","0",0,0,0
"3987",2002,"Antwaan Randle El","Antwaan","Randle","WR","5","10.0000",70,191,0,0,4.49,0,0,0,0,0,0,0,2,"Indiana","30(62)","30",62,17,0
"3994",2002,"Cliff Russell","Cliff","Russell","WR","6","1.0000",73,185,0,0,4.36,0,0,0,0,0,0,0,3,"Utah","22(87)","22",87,0,0
"3995",2002,"Jake Schifino","Jake","Schifino","WR","6","1.0000",73,200,0,0,4.49,2.57,1.58,0,0,0,0,0,5,"Akron","16(151)","16",151,0,0
"4012",2002,"Lawrence Story","Lawrence","Story","WR","6","5.0000",77,205,0,0,4.63,0,0,4.16,0,33.5,114,0,0,"","","0",0,0,0
"4025",2002,"Ryan Tolhurst","Ryan","Tolhurst","WR","5","11.0000",71,196,0,0,4.49,2.66,1.63,3.88,6.65,38,123,0,0,"","","0",0,0,0
"4028",2002,"Javon Walker","Javon","Walker","WR","6","3.0000",75,210,32.5,9.75,4.38,2.54,1.53,4.05,6.86,39.5,126,18,1,"Florida State","20(20)","20",20,0,0
"4054",2001,"Scotty Anderson","Scotty","Anderson","WR","6","2.0000",74,184,0,0,4.57,0,0,0,0,34.5,115,0,5,"Grambling State","17(148)","17",148,0,0
"4059",2001,"Alex Bannister","Alex","Bannister","WR","6","5.0000",77,201,0,0,4.47,0,0,0,0,30.5,110,0,5,"Eastern Kentucky","9(140)","9",140,0,0
"4068",2001,"Eddie Berlin","Eddie","Berlin","WR","6","1.0000",73,191,0,0,4.43,0,0,4.08,0,39.5,122,0,5,"Northern Iowa","28(159)","28",159,0,0
"4085",2001,"John Capel","John","Capel","WR","5","11.0000",71,177,0,0,4.39,0,0,0,0,36.5,126,0,7,"Florida","8(208)","8",208,0,0
"4089",2001,"Jonathan Carter","Jonathan","Carter","WR","6","1.0000",73,180,0,0,4.35,2.54,1.55,4.25,7.28,42.5,134,0,5,"Troy","31(162)","31",162,0,0
"4092",2001,"Chris Chambers","Chris","Chambers","WR","6","1.0000",73,210,0,0,4.33,0,0,4,0,45,134,0,2,"Wisconsin","21(52)","21",52,0,0
"4119",2001,"Robert Ferguson","Robert","Ferguson","WR","6","1.0000",73,205,0,0,4.48,0,0,4.07,0,36.5,120,0,2,"Texas A&M","10(41)","10",41,0,0
"4122",2001,"Richmond Flowers","Richmond","Flowers","WR","5","11.0000",71,195,0,0,4.55,2.63,1.59,3.96,6.98,35.5,114,0,7,"Chattanooga","35(235)","35",235,0,0
"4127",2001,"Rod Gardner","Rod","Gardner","WR","6","2.0000",74,219,0,0,4.48,0,0,0,0,36,0,0,1,"Clemson","15(15)","15",15,0,0
"4129",2001,"Reggie Germany","Reggie","Germany","WR","6","1.0000",73,183,0,0,4.39,0,0,0,0,32,0,0,7,"Ohio State","14(214)","14",214,0,0
"4158",2001,"Margin Hooks","Margin","Hooks","WR","5","11.0000",71,191,0,0,4.5,0,0,4.18,0,36,116,0,0,"","","0",0,0,0
"4164",2001,"Cedric James","Cedric","James","WR","6","2.2500",74.25,204,0,0,4.49,0,0,0,0,43,134,0,4,"TCU","36(131)","36",131,0,0
"4170",2001,"Chad Johnson","Chad","Johnson","WR","6","1.0000",73,192,0,0,4.57,0,0,4.14,0,33,108,0,2,"Oregon State","5(36)","5",36,0,0
"4176",2001,"Kevin Kasper","Kevin","Kasper","WR","6","1.0000",73,199,0,0,4.42,0,0,3.73,0,43.5,126,0,6,"Iowa","27(190)","27",190,0,0
"4180",2001,"Andre King","Andre","King","WR","6","1.0000",73,199,0,0,4.61,0,0,0,0,35.5,0,0,7,"Miami (FL)","45(245)","45",245,0,0
"4194",2001,"David Martin","David","Martin","WR","6","4.0000",76,242,0,0,4.76,0,0,0,0,37,127,0,6,"Tennessee","35(198)","35",198,0,0
"4196",2001,"Justin McCareins","Justin","McCareins","WR","6","2.0000",74,209,0,0,4.51,0,0,3.99,0,41,129,0,4,"Northern Illinois","29(124)","29",124,0,0
"4198",2001,"Quentin McCord","Quentin","McCord","WR","5","10.0000",70,191,0,0,4.48,0,0,4.18,0,36.5,112,0,7,"Kentucky","36(236)","36",236,0,0
"4205",2001,"Shawn Mills","Shawn","Mills","WR","6","1.0000",73,180,0,0,4.51,0,0,4.15,0,34.5,116,0,0,"","","0",0,0,0
"4206",2001,"Snoop Minnis","Snoop","Minnis","WR","6","1.0000",73,171,0,0,4.57,0,0,4.07,0,37.5,115,0,0,"","","0",0,0,0
"4209",2001,"Freddie Mitchell","Freddie","Mitchell","WR","6","1.0000",73,185,0,0,4.46,0,0,4.06,0,39.5,120,0,1,"UCLA","25(25)","25",25,0,0
"4213",2001,"Quincy Morgan","Quincy","Morgan","WR","6","1.0000",73,211,0,0,4.48,0,0,0,0,33,0,0,2,"Kansas State","2(33)","2",33,0,0
"4214",2001,"Santana Moss","Santana","Moss","WR","5","10.0000",70,181,0,0,4.31,0,0,0,0,42,0,0,1,"Miami (FL)","16(16)","16",16,0,0
"4218",2001,"Bobby Newcombe","Bobby","Newcombe","WR","5","11.0000",71,195,0,0,4.53,2.6,1.61,3.98,6.86,37,117,0,6,"Nebraska","3(166)","3",166,0,0
"4233",2001,"Nate Poole","Nate","Poole","WR","6","2.0000",74,198,0,0,4.79,0,0,4.22,0,32.5,112,0,0,"","","0",0,0,0
"4237",2001,"Ken-Yon Rambo","Ken-Yon","Rambo","WR","6","1.0000",73,196,0,0,4.34,0,0,0,0,39,0,0,7,"Ohio State","29(229)","29",229,0,0
"4245",2001,"Koren Robinson","Koren","Robinson","WR","6","2.0000",74,211,0,0,4.61,0,0,0,0,38.5,123,0,1,"North Carolina State","9(9)","9",9,0,0
"4261",2001,"Steve Smith","Steve","Smith","WR","5","9.0000",69,184,0,0,4.41,0,0,4.25,0,38.5,121,0,3,"Utah","12(74)","12",74,0,0
"4273",2001,"Vinny Sutherland","Vinny","Sutherland","WR","5","9.0000",69,192,0,0,4.48,0,0,0,0,32.5,0,0,5,"Purdue","5(136)","5",136,0,0
"4275",2001,"Chris Taylor","Chris","Taylor","WR","5","11.0000",71,183,0,0,4.4,0,0,3.93,0,35.5,115,0,7,"Texas A&M","18(218)","18",218,0,0
"4276",2001,"David Terrell","David","Terrell","WR","6","3.0000",75,213,0,0,4.43,0,0,0,0,38,0,0,1,"Michigan","8(8)","8",8,0,0
"4296",2001,"Reggie Wayne","Reggie","Wayne","WR","6","1.0000",73,198,0,0,4.45,0,0,0,0,36,0,0,1,"Miami (FL)","30(30)","30",30,0,0
"4306",2001,"Marcus Williams","Marcus","Williams","WR","6","5.0000",77,230,0,0,4.56,2.63,1.57,4.2,7.37,41,130,0,0,"","","0",0,0,0
"4309",2001,"Cedrick Wilson","Cedrick","Wilson","WR","5","10.0000",70,179,0,0,4.48,0,0,0,0,38,123,0,6,"Tennessee","6(169)","6",169,0,0
"4343",2000,"Plaxico Burress","Plaxico","Burress","WR","6","6.0000",78,231,0,0,4.59,0,0,0,0,33,115,0,1,"Michigan State","8(8)","8",8,0,0
"4350",2000,"Kwame Cavil","Kwame","Cavil","WR","6","2.0000",74,208,0,0,4.54,0,0,0,0,39.5,118,0,0,"","","0",0,0,0
"4359",2000,"Chris Cole","Chris","Cole","WR","6","1.0000",73,191,0,0,4.37,2.52,1.48,4.09,6.78,37.5,125,0,3,"Texas A&M","8(70)","8",70,0,0
"4360",2000,"Chris Coleman","Chris","Coleman","WR","6","1.0000",73,211,0,0,4.61,0,0,4.1,0,32.5,110,0,0,"","","0",0,0,0
"4362",2000,"Laveranues Coles","Laveranues","Coles","WR","5","11.0000",71,192,0,0,4.41,0,0,4.39,0,34,115,0,3,"Florida State","16(78)","16",78,0,0
"4373",2000,"JaJuan Dawson","JaJuan","Dawson","WR","6","1.0000",73,199,0,0,4.55,0,0,4.16,0,34,117,0,3,"Tulane","17(79)","17",79,0,0
"4377",2000,"Ron Dugans","Ron","Dugans","WR","6","2.0000",74,206,0,0,4.58,0,0,0,0,0,117,0,3,"Florida State","4(66)","4",66,0,0
"4387",2000,"Larry Foster","Larry","Foster","WR","5","10.0000",70,198,0,0,4.55,0,0,4.06,0,37,121,0,0,"","","0",0,0,0
"4396",2000,"Trevor Gaylor","Trevor","Gaylor","WR","6","3.0000",75,199,0,0,4.56,0,0,4.29,0,37.5,121,0,4,"Miami (OH)","17(111)","17",111,0,0
"4398",2000,"Sherrod Gideon","Sherrod","Gideon","WR","5","11.0000",71,173,0,0,4.66,0,0,0,0,0,0,0,6,"Southern Miss","34(200)","34",200,0,0
"4419",2000,"Windrell Hayes","Windrell","Hayes","WR","5","11.0000",71,204,0,0,4.5,0,0,4.18,0,0,0,0,5,"USC","14(143)","14",143,0,0
"4428",2000,"Darrell Jackson","Darrell","Jackson","WR","6","1.0000",73,197,0,0,4.56,0,0,0,0,0,0,0,3,"Florida","18(80)","18",80,0,0
"4455",2000,"Marcus Knight","Marcus","Knight","WR","6","1.0000",73,180,0,0,4.72,0,0,4.38,0,28.5,106,0,0,"","","0",0,0,0
"4459",2000,"Charles Lee","Charles","Lee","WR","6","2.0000",74,202,0,0,4.56,2.62,1.57,4.25,7.3,35.5,125,0,7,"UCF","36(242)","36",242,0,0
"4463",2000,"Anthony Lucas","Anthony","Lucas","WR","6","3.0000",75,194,0,0,4.53,0,0,0,0,35,121,0,4,"Arkansas","20(114)","20",114,0,0
"4479",2000,"Scottie Montgomery","Scottie","Montgomery","WR","6","1.0000",73,196,0,0,4.57,0,0,4.11,0,36,117,0,0,"","","0",0,0,0
"4480",2000,"Wendell Montgomery","Wendell","Montgomery","WR","6","3.0000",75,203,0,0,4.81,0,0,4.24,0,35.5,117,0,0,"","","0",0,0,0
"4483",2000,"Muneer Moore","Muneer","Moore","WR","6","2.0000",74,201,0,0,4.52,0,0,4.09,0,37.5,129,0,5,"Richmond","25(154)","25",154,0,0
"4488",2000,"Sylvester Morris","Sylvester","Morris","WR","6","3.0000",75,216,0,0,4.6,0,0,4.17,0,34.5,119,0,1,"Jackson State","21(21)","21",21,0,0
"4492",2000,"Dennis Northcutt","Dennis","Northcutt","WR","5","11.0000",71,175,0,0,4.43,0,0,4.04,0,37.5,123,0,2,"Arizona","1(32)","1",32,0,0
"4498",2000,"Mareno Philyaw","Mareno","Philyaw","WR","6","2.0000",74,205,0,0,4.66,0,0,4.13,0,39.5,129,0,6,"Troy","6(172)","6",172,0,0
"4518",2000,"Gari Scott","Gari","Scott","WR","6","1.0000",73,194,0,0,4.59,0,0,0,0,33.5,119,0,4,"Michigan State","5(99)","5",99,0,0
"4532",2000,"R.Jay Soward","R.Jay","Soward","WR","5","10.0000",70,177,0,0,4.35,0,0,0,0,35,124,0,0,"","","0",0,0,0
"4534",2000,"Quinton Spotwood","Quinton","Spotwood","WR","5","11.0000",71,184,0,0,4.55,0,0,0,0,33.5,123,0,0,"","","0",0,0,0
"4541",2000,"Travis Taylor","Travis","Taylor","WR","6","1.0000",73,199,0,0,4.43,0,0,0,7.15,37,118,0,1,"Florida","10(10)","10",10,0,0
"4554",2000,"Troy Walters","Troy","Walters","WR","5","7.0000",67,171,0,0,4.55,0,0,3.84,0,32.5,106,0,5,"Stanford","36(165)","36",165,0,0
"4562",2000,"Dez White","Dez","White","WR","6","1.0000",73,218,0,0,4.62,0,0,4.09,0,37.5,124,0,3,"Georgia Tech","7(69)","7",69,0,0
"4565",2000,"James Williams","James","Williams","WR","5","11.0000",71,180,0,0,4.59,0,0,4.16,0,36,123,0,6,"Marshall","9(175)","9",175,0,0
"4571",2000,"Bashir Yamini","Bashir","Yamini","WR","6","3.0000",75,191,0,0,4.53,0,0,4.18,0,33,130,0,0,"","","0",0,0,0
"4579",1999,"Karsten Bailey","Karsten","Bailey","WR","6","1.0000",73,205,0,0,4.33,0,0,3.99,0,40,121,0,3,"Auburn","21(82)","21",82,0,0
"4580",1999,"Eugene Baker","Eugene","Baker","WR","6","1.0000",73,167,0,0,4.46,0,0,4.03,0,36.5,126,0,5,"Kent State","31(164)","31",164,0,0
"4586",1999,"DWayne Bates","DWayne","Bates","WR","6","2.0000",74,215,0,0,4.59,0,0,4.24,0,37,117,0,3,"Northwestern","10(71)","10",71,0,0
"4592",1999,"David Boston","David","Boston","WR","6","1.0000",73,215,0,0,4.47,0,0,4.09,0,37,116,0,1,"Ohio State","8(8)","8",8,0,0
"4602",1999,"Na Brown","Na","Brown","WR","6","1.0000",73,184,0,0,4.56,0,0,0,0,40.5,110,0,4,"North Carolina","35(130)","35",130,0,0
"4610",1999,"Siaha Burley","Siaha","Burley","WR","5","11.0000",71,166,0,0,4.53,0,0,4.16,0,34,113,0,0,"","","0",0,0,0
"4615",1999,"Kenny Cheatham","Kenny","Cheatham","WR","6","3.0000",75,211,0,0,4.6,0,0,0,0,36,115,0,0,"","","0",0,0,0
"4617",1999,"Darrin Chiaverini","Darrin","Chiaverini","WR","6","1.0000",73,212,0,0,4.53,0,0,4.16,0,33,112,0,5,"Colorado","15(148)","15",148,0,0
"4632",1999,"Eddie Conti","Eddie","Conti","WR","5","8.0000",68,173,0,0,4.5,0,0,4.04,0,36,120,0,0,"","","0",0,0,0
"4635",1999,"Jermaine Copeland","Jermaine","Copeland","WR","6","2.0000",74,201,0,0,4.5,0,0,4.28,0,36,117,0,0,"","","0",0,0,0
"4658",1999,"Dameane Douglas","Dameane","Douglas","WR","6","1.0000",73,201,0,0,4.64,0,0,4.36,0,31.5,119,0,4,"California","7(102)","7",102,0,0
"4664",1999,"Troy Edwards","Troy","Edwards","WR","5","10.0000",70,191,0,0,4.57,0,0,4.16,0,36.5,118,0,1,"Louisiana Tech","13(13)","13",13,0,0
"4669",1999,"John Fassel","John","Fassel","WR","6","4.0000",76,189,0,0,4.67,0,0,4.09,0,33.5,111,0,0,"","","0",0,0,0
"4677",1999,"Shawn Foreman","Shawn","Foreman","WR","6","1.0000",73,212,0,0,4.77,0,0,4.41,0,32,112,0,0,"","","0",0,0,0
"4701",1999,"Damon Griffin","Damon","Griffin","WR","5","9.0000",69,186,0,0,4.65,0,0,4.2,0,36,116,0,0,"","","0",0,0,0
"4705",1999,"Darran Hall","Darran","Hall","WR","5","9.0000",69,168,0,0,4.45,0,0,4.33,0,34,115,0,6,"Colorado State","17(186)","17",186,0,0
"4707",1999,"Donnie Hart","Donnie","Hart","WR","6","1.0000",73,192,0,0,4.54,0,0,4.16,0,32,111,0,0,"","","0",0,0,0
"4715",1999,"Torry Holt","Torry","Holt","WR","6","1.0000",73,192,0,0,4.44,2.62,1.57,0,0,37,118,0,1,"North Carolina State","6(6)","6",6,0,0
"4730",1999,"Lenzie Jackson","Lenzie","Jackson","WR","6","1.0000",73,188,0,0,4.84,0,0,4.29,0,35,115,0,0,"","","0",0,0,0
"4731",1999,"Quincy Jackson","Quincy","Jackson","WR","6","1.0000",73,187,0,0,4.68,0,0,4.29,0,31,116,0,0,"","","0",0,0,0
"4737",1999,"MarTay Jenkins","MarTay","Jenkins","WR","6","1.0000",73,203,0,0,4.51,0,0,4.18,0,39.5,118,0,6,"Nebraska-Omaha","24(193)","24",193,0,0
"4741",1999,"Kevin Johnson","Kevin","Johnson","WR","5","11.0000",71,194,0,0,4.41,0,0,3.86,0,36.5,115,0,2,"Syracuse","1(32)","1",32,0,0
"4747",1999,"Daniel Jones","Daniel","Jones","WR","5","11.0000",71,185,0,0,4.69,0,0,4.49,0,37,114,0,0,"","","0",0,0,0
"4788",1999,"Jeremy McDaniel","Jeremy","McDaniel","WR","6","1.0000",73,197,0,0,4.63,0,0,4.32,0,33.5,112,0,0,"","","0",0,0,0
"4789",1999,"Darnell McDonald","Darnell","McDonald","WR","6","3.0000",75,202,0,0,4.72,0,0,4.24,0,34,113,0,7,"Kansas State","34(240)","34",240,0,0
"4791",1999,"Wane McGarity","Wane","McGarity","WR","5","8.0000",68,194,0,0,4.5,0,0,4.36,0,33,114,0,4,"Texas","23(118)","23",118,0,0
"4793",1999,"Travis McGriff","Travis","McGriff","WR","5","8.0000",68,185,0,0,4.53,0,0,4.13,0,35.5,113,0,3,"Florida","32(93)","32",93,0,0
"4799",1999,"Rondel Menendez","Rondel","Menendez","WR","5","9.0000",69,178,0,0,4.24,0,1.47,3.96,0,37,117,0,7,"Eastern Kentucky","41(247)","41",247,0,0
"4801",1999,"Billy Miller","Billy","Miller","WR","6","3.0000",75,215,0,0,4.63,0,0,4.28,0,34.5,114,0,7,"USC","12(218)","12",218,0,0
"4802",1999,"Dee Miller","Dee","Miller","WR","6","1.0000",73,199,0,0,4.51,0,0,4.31,0,33.5,0,0,6,"Ohio State","27(196)","27",196,0,0
"4807",1999,"Kenny Mitchell","Kenny","Mitchell","WR","6","3.0000",75,217,0,0,4.74,0,0,0,0,37,118,0,0,"","","0",0,0,0
"4808",1999,"Tywan Mitchell","Tywan","Mitchell","WR","6","5.0000",77,223,0,0,4.74,0,0,0,0,30.5,108,0,0,"","","0",0,0,0
"4815",1999,"Joe Nastasi","Joe","Nastasi","WR","5","11.0000",71,197,0,0,4.64,0,0,4.06,0,37,119,0,0,"","","0",0,0,0
"4833",1999,"Larry Parker","Larry","Parker","WR","6","1.0000",73,200,0,0,4.46,2.54,1.54,0,0,35.5,118,0,4,"USC","13(108)","13",108,0,0
"4841",1999,"Chad Plummer","Chad","Plummer","WR","6","3.0000",75,233,0,0,4.57,0,0,4.18,0,33,113,0,6,"Cincinnati","35(204)","35",204,0,0
"4844",1999,"Peerless Price","Peerless","Price","WR","5","11.0000",71,180,0,0,4.55,0,0,4.09,0,35,116,0,2,"Tennessee","22(53)","22",53,0,0
"4863",1999,"David Saunders","David","Saunders","WR","6","2.0000",74,203,0,0,4.78,0,0,0,0,32,112,0,0,"","","0",0,0,0
"4874",1999,"Tony Small","Tony","Small","WR","6","2.0000",74,220,0,0,4.64,0,0,4.32,0,35,115,0,0,"","","0",0,0,0
"4882",1999,"Troy Smith","Troy","Smith","WR","6","1.0000",73,194,0,0,4.64,0,0,4.24,0,35.5,113,0,6,"East Carolina","32(201)","32",201,15,0
"4884",1999,"Creig Spann","Creig","Spann","WR","6","1.0000",73,191,0,0,4.5,0,0,3.86,0,36.5,117,0,0,"","","0",0,0,0
"4891",1999,"LC Stevens","LC","Stevens","WR","6","4.0000",76,215,0,0,4.63,0,0,4.24,0,35,119,0,0,"","","0",0,0,0
"4895",1999,"Brandon Stokley","Brandon","Stokley","WR","6","1.0000",73,197,0,0,4.49,0,0,4.01,0,35.5,118,0,4,"Louisiana-Lafayette","10(105)","10",105,0,0
"4896",1999,"Tai Streets","Tai","Streets","WR","6","2.0000",74,194,0,0,4.48,2.6,1.54,0,0,37,129,0,6,"Michigan","2(171)","2",171,0,0
"4908",1999,"Derrius Thompson","Derrius","Thompson","WR","6","2.0000",74,211,0,0,4.59,0,0,4.13,0,41.5,114,0,0,"","","0",0,0,0
"4915",1999,"Michael Vaughn","Michael","Vaughn","WR","6","2.0000",74,212,0,0,4.57,0,0,4.32,0,33.5,113,0,0,"","","0",0,0,0
"4933",1999,"Gerald Williams","Gerald","Williams","WR","6","3.0000",75,207,0,0,4.45,0,0,3.96,0,35.5,117,0,0,"","","0",0,0,0
"4946",1999,"Craig Yeast","Craig","Yeast","WR","5","8.0000",68,164,0,0,4.47,0,0,4.14,0,32.5,112,0,4,"Kentucky","3(98)","3",98,0,0
